aid,sid,cid,acvalue,acname,Std_Smiles,Active,Prediction,Prediction_Probability
1295749,336899691,127047184,0.0146,IC50,CN1C=C(C=N1)C2=CC=C(C=C2)C3=CN=CC(=C3N4CCC5(CC4)CNC(=O)O5)Cl,1,1,0.999999512
1295749,336900062,127047428,0.004,IC50,CN1C=C(C=N1)C2=CC=C(C=C2)C3=CN=CC(=C3N4CCC5(CC4)C(=O)NCN5CC(F)(F)F)Cl,1,1,0.999780858
1313396,336897208,118660778,0.0036,IC50,CN1C=C(C=N1)C2=CC=C(C=C2)C3=C4C(=CN=C3)C=CC(=N4)C(=O)N5CCC5,1,1,0.999779631
1283620,336877494,118960168,0.094,IC50,CN1C=C(C=N1)C2=CC=C(C=C2)CC3=C4C=C(C=CC4=NN3)C(=O)N5CC(C5)O,1,1,0.999762685
1313396,336896235,118660833,0.0035,IC50,CN1C=C(C=N1)C2=CC=C(C=C2)C3=C4C(=CN=C3)C=CC(=N4)C(=O)N5CCCC5,1,1,0.999729646
1295749,336899252,118395100,0.0238,IC50,CN1C=C(C=N1)C2=CC=C(C=C2)C3=CN=CC(=C3N4CCC5(CC4)CNC(=O)O5)C(F)(F)F,1,1,0.999715518
1295749,336899881,118395090,0.0087,IC50,CN1C=C(C=N1)C2=CC=C(C=C2)C3=CN=CC(=C3N4CCC5(CC4)C(=O)NCN5)Cl,1,1,0.999683119
1313396,336895212,118660701,0.021,IC50,CN1C=C(C=N1)C2=CC=C(C=C2)C3=CN=C(C4=C3N=C(C=C4)C(=O)N5CCC5)N,1,1,0.999606963
1295749,336900400,118408040,0.0554,IC50,CN1C=C(C=N1)C2=CC=C(C=C2)C3=CN=CC(=C3N4CCC5(CC4)CNC(=O)O5)F,1,1,0.999599314
1295749,336898775,127046539,0.015,IC50,CN1C2=C(CS1(=O)=O)C=CC(=C2)C3=CN=CC(=C3N4CCC5(CCNC5=O)CC4)Cl,1,1,0.999575801
1295749,336899866,118395125,0.023,IC50,CN1C=C(C=N1)C2=CC=C(C=C2)C3=CN=CC(=C3N4CCC5(CC4)C(=O)NC(=O)N5)Cl,1,1,0.999545262
1313396,336894964,118660724,0.0062,IC50,CN1C=C(C=N1)C2=CC=C(C=C2)C3=C4C=C(C=CC4=CN=C3)C(=O)N5CC(C5)(F)F,1,1,0.999516282
1295749,312384531,77050682,0.005,IC50,CN1C=C(C=N1)C2=CC=C(C=C2)C3=CN=CC(=C3N4CCC5(CCNC5=O)CC4)Cl,1,1,0.999429901
1313396,336897210,118660717,0.026,IC50,CN1C=C(C=N1)C2=CC=C(C=C2)C3=C4C(=CN=C3)C=CC(=N4)C(=O)N5CC(C5)(F)F,1,1,0.99939817
1295749,336897691,118394955,0.0007,IC50,CN1C=C(C=N1)C2=CC=C(C=C2)C3=CN=CC(=C3N4CCC5(CC4)C(=O)NC(=O)N5C)Cl,1,1,0.999396313
1295749,336899401,74222191,0.0087,IC50,CN1C=C(C=N1)C2=CC=C(C=C2)C3=CN=C(C(=C3N4CCC5(CCNC5=O)CC4)Cl)N,1,1,0.999373736
1313396,336894965,118660758,0.0049,IC50,CC(=O)NC1=CC2=C(C=NC=C2C=C1)C3=CC=C(C=C3)C4=CN(N=C4)C,1,1,0.999276478
1295749,336897945,118395000,0.0343,IC50,CN1C=C(C=N1)C2=CC=C(C=C2)C3=CN=CC(=C3N4CCC5(CC4)C(=O)NCC(=O)N5)Cl,1,1,0.999262916
1295749,336900398,127047679,0.186,IC50,CN1C=C(C=N1)C2=CC=C(C=C2)C3=CN=CC(=C3N4CCC5(CCNC5=O)CC4)F,1,1,0.999233195
1283620,336877493,118959784,0.025,IC50,CN1C=C(C=N1)C2=CC=C(C=C2)CC3=C4C=C(C=CC4=NN3)C(=O)N5CC(C5)(F)F,1,1,0.999181958
1313396,336895721,118660909,0.0045,IC50,CNC(=O)C1=CC2=C(C=NC=C2C=C1)C3=CC=C(C=C3)C4=CN(N=C4)C,1,1,0.999176014
1295749,336897948,118407987,0.0035,IC50,CN1C=C(C=N1)C2=CC=C(C=C2)C3=CN=CC(=C3N4CCC5(CCNC5=O)CC4)C(F)(F)F,1,1,0.999082998
1295749,336898774,127046538,0.001,IC50,CN1C2=C(CS1(=O)=O)C=C(C=C2)C3=CN=CC(=C3N4CCC5(CCNC5=O)CC4)Cl,1,1,0.999082949
1295749,336898348,117072461,0.0014,IC50,CN1C2=C(CS1(=O)=O)C=C(C=C2)C3=CN=CC(=C3N4CCC5(CC4)CNC(=O)O5)Cl,1,1,0.999026646
1355629,404661848,145956330,6,IC50,CC12CCC3C(C1CCC2C4=CC5=C(C=C4)C=NC=C5)CC=C6C3(CCC(C6)O)C,1,1,0.999023266
1355629,404655708,145952093,0.048,IC50,CC12CCC3C(C1CCC2C4=CC5=C(C=C4)C=CN=C5)CC=C6C3(CCC(C6)O)C,1,1,0.998971767
1313396,336894976,118660910,0.028,IC50,CN1C=C(C=N1)C2=CC=C(C=C2)C3=CN=C(C4=C3N=C(C=C4)C(=O)N5CCCC5)N,1,1,0.998970851
1313396,336894978,118660637,0.036,IC50,CN1C=C(C=N1)C2=CC=C(C=C2)C3=CN=C(C4=C3C=C(C=C4)C(=O)N5CCC5)N,1,1,0.99892734
1474306,381859697,125501624,0.0089,EC50,CSC1=C2C(=C(S1)C(=O)N)CCC3=C2SN=C3,1,1,0.998829166
1313396,336895137,118660621,0.47,IC50,CN1C=C(C=N1)C2=CC=C(C=C2)C3=C4C(=CN=C3)C=CC(=N4)C5=CC=NN5C,1,1,0.998808652
1283620,336874753,118960252,0.013,IC50,CN1C=C(C=N1)C2=CC=C(C=C2)CC3=C4C=C(C=CC4=NN3)C(=O)N5CCCCC5,1,1,0.998799728
1313396,336894974,118660681,0.017,IC50,CN1C=C(C=N1)C2=CC=C(C=C2)C3=CN=C(C4=C3N=C(C=C4)C(=O)N5CC(C5)(F)F)N,1,1,0.998793874
1466029,381841089,126568661,0.0065,IC50,CN1C=C(C=N1)C2=C(C=NC=C2)C=CC(=O)NC3=CC=C(C=C3)CN4CCOCC4,1,1,0.998698486
1313396,336894985,118660605,0.012,IC50,CN1C=C(C=N1)C2=CC=C(C=C2)C3=CN=C(C4=C3C=C(C=C4)C(=O)N5CC(C5)(F)F)N,1,1,0.998616988
1295749,336899785,118408131,0.0355,IC50,CN1C2=C(CS1(=O)=O)C=C(C=C2)C3=CN=CC(=C3N4CCC5(CC4)C(=O)NC(=O)N5)Cl,1,1,0.998613282
1313396,336894968,118660893,0.0046,IC50,CN1C=C(C=N1)C2=CC=C(C=C2)C3=C4C=C(C=CC4=CN=C3)N5CCOC5=O,1,1,0.99861117
1283620,336874751,118960211,0.005,IC50,CN1C=C(C=N1)C2=CC=C(C=C2)CC3=C4C=C(C=CC4=NN3)C(=O)N5CCCC5,1,1,0.998599711
1313396,336893968,118660644,0.0036,IC50,CNC(=O)C1=NC2=C(C=NC=C2C=C1)C3=CC=C(C=C3)C4=CN(N=C4)C,1,1,0.998598316
1313396,336896236,118660850,0.013,IC50,CN1C=C(C=N1)C2=CC=C(C=C2)C3=C4C(=CN=C3)C=CC(=N4)C(=O)N5CCOCC5,1,1,0.998592306
1313396,336894975,118660891,0.037,IC50,CC1(CN(C1)C(=O)C2=NC3=C(C=C2)C(=NC=C3C4=CC=C(C=C4)C5=CN(N=C5)C)N)F,1,1,0.998579522
1466029,381854513,126568404,0.011,IC50,CN1C=C(C=N1)C2=C(C=NC=C2)C=CC(=O)NC3=CC=C(C=C3)CN4CC(C4)(F)F,1,1,0.99854272
1313396,336895223,118660844,0.033,IC50,CC1(CN(C1)C(=O)C2=CC3=C(C=C2)C(=NC=C3C4=CC=C(C=C4)C5=CN(N=C5)C)N)F,1,1,0.998500514
1466029,381869613,126568669,0.0067,IC50,CC1CN(CCO1)CC2=CC=C(C=C2)NC(=O)C=CC3=C(C=CN=C3)C4=CN(N=C4)C,1,1,0.998496582
1295749,336898140,127046087,0.342,IC50,CN1CCCC12CCN(CC2)C3=C(C=NC=C3C4=CC5=C(C=C4)N(S(=O)(=O)C5)C)Cl,1,1,0.998405107
1355629,404660183,145955173,8.24,IC50,CC12CCC(CC1=CCC3C2CCC4(C3CC=C4C5=CC6=C(C=C5)C=NC=C6)C)O,1,1,0.99837995
1313396,336896482,118660806,0.001,IC50,CN1C=C(C=N1)C2=CC=C(C=C2)C3=C4C(=CN=C3)C=CC(=N4)N5CCNC5=O,1,1,0.998364616
1355629,404669209,145961407,0.164,IC50,CC12CCC(CC1=CCC3C2CCC4(C3CC=C4C5=CC6=C(C=C5)C=CN=C6)C)O,1,1,0.998357046
1295749,336899254,74222104,0.0128,IC50,CN1C=C(C=N1)C2=CC=C(C=C2)C3=CN=C(C(=C3N4CCC5(CC4)CNC(=O)O5)Cl)N,1,1,0.998299255
1313396,336894173,127043472,1.195,IC50,CN1C=C(C=N1)C2=CC=C(C=C2)C3=C4C(=CN=C3)C=CC(=N4)N5CCOCC5,1,1,0.998199675
1659608,442049834,155326419,0.018,Kd,CC12CCC(CC1CCC3C2CCC4(C3CC=C4C5=CC6=C(C=C5)C=CN=C6)C)N(C)C,1,1,0.998169072
1313396,336897207,118660828,0.39,IC50,CN1C=C(C=N1)C2=CC=C(C=C2)C3=C4C(=CN=C3)C=CC(=N4)C#N,1,1,0.998142906
1295749,336897660,118407984,0.0335,IC50,CC1=NC2(CCN(CC2)C3=C(C=NC=C3C4=CC5=C(C=C4)N(S(=O)(=O)C5)C)Cl)C(=O)N1,1,1,0.998123818
1313396,336896481,118660560,0.0024,IC50,CN1C=C(C=N1)C2=CC=C(C=C2)C3=C4C(=CN=C3)C=CC(=N4)N5CCCC5=O,1,1,0.998062839
1313396,336895205,118660774,0.0056,IC50,CN1C=CN=C1C2=CC3=C(C=NC=C3C=C2)C4=CC=C(C=C4)C5=CN(N=C5)C,1,1,0.998060098
1466029,381885408,126568827,0.0062,IC50,CN1C=C(C=N1)C2=C(C=NC=C2)C=CC(=O)NC3=CC=C(C=C3)CN4CCC(C4)(F)F,1,1,0.997999812
1315916,374268016,118879520,0.0049,IC50,C1CC(N(C1)C(=O)C2=CC3=C(C=C2)NN=C3N)C4=CC=C(C=C4)Cl,1,1,0.997998452
1313396,336897205,118660845,0.0015,IC50,CN1C=C(C=N1)C2=CC=C(C=C2)C3=C4C(=CN=C3)C=CC(=N4)C(=O)N,1,1,0.997989758
1466029,381869714,126568463,0.0064,IC50,C1CC1N2C=C(C=N2)C3=C(C=NC=C3)C=CC(=O)NC4=CC=C(C=C4)CN5CCOCC5,1,1,0.99797352
1283620,336873890,118960186,0.055,IC50,CNC(=O)C1=CC2=C(NN=C2C=C1)CC3=CC=C(C=C3)C4=CN(N=C4)C,1,1,0.997964872
1295749,336900061,127047427,0.0024,IC50,CN1CNC(=O)C12CCN(CC2)C3=C(C=NC=C3C4=CC=C(C=C4)C5=CN(N=C5)C)Cl,1,1,0.997916801
1474306,381880698,126511857,0.07,EC50,CS(=O)C1=C2C(=C(S1)C(=O)N)CCC3=C2SN=C3,1,1,0.997910404
1466029,381842931,126584616,0.0045,IC50,CN1C=C(C=N1)C2=C(C=NC=C2)C=CC(=O)NC3=CC4=C(CN(CC4)CC(F)(F)F)C=C3,1,1,0.997854204
1355629,404689086,138453479,1.01,IC50,CC12CCC(CC1CCC3C2CCC4(C3CC=C4C5=CC6=C(C=C5)C=CN=C6)C)O,1,1,0.997836095
1283620,336877069,118960049,0.053,IC50,CN1C=C(C=N1)C2=CC=C(C=C2)CC3=C4C=C(C=CC4=NN3)C(=O)N5CCC(C5)O,1,1,0.997694568
1283620,336875656,127032020,0.011,IC50,CN1C=C(C=N1)C2=CC=C(C=C2)CC3=C4C=C(C=CC4=NN3)C(=O)N5CCOCC5,1,1,0.997648783
1295749,336899880,127047300,0.109,IC50,CC1(C2(CCN(CC2)C3=C(C=NC=C3C4=CC5=C(C=C4)N(S(=O)(=O)C5)C)Cl)OC(=O)N1)C,1,1,0.997602373
1355629,404666551,145959610,0.064,IC50,CC12CCC(CC1CCC3C2CCC4(C3CCC4C5=CC6=C(C=C5)C=CN=C6)C)N(C)C,1,1,0.997570126
1295749,336900399,118408137,0.0145,IC50,CN1C2=C(CS1(=O)=O)C=C(C=C2)C3=CN=CC(=C3N4CCC5(CCNC5=O)CC4)F,1,1,0.997560391
1474306,381847589,125501579,0.0091,EC50,COC1=C2C(=C(S1)C(=O)N)CCC3=C2SN=C3,1,1,0.997551663
1355629,404659592,145954767,0.016,IC50,CC12CCC3C(C1CCC2C4=CC5=C(C=C4)C=CN=C5)CC=C6C3(CCC(C6)N(C)C)C,1,1,0.997488659
1466029,381844717,126568746,0.02,IC50,CC1COCCN1CC2=CC=C(C=C2)NC(=O)C=CC3=C(C=CN=C3)C4=CN(N=C4)C,1,1,0.997448117
1626393,440126084,117995835,0.0999,IC50,CNC1=NC=CC(=N1)N2CCC(C2)NC(=O)NC3=CC(=C(C=C3)CN4CCC4)C(F)(F)F,1,1,0.99740283
1313396,336895204,118660670,0.034,IC50,CN1C=C(C=N1)C2=CC=C(C=C2)C3=C4C=C(C=CC4=CN=C3)C5=NC=CO5,1,1,0.997370445
1295749,336898142,117072462,0.0735,IC50,CN1C2=C(CS1(=O)=O)C=C(C=C2)C3=CN=CC(=C3N4CCC5(CCCN5CCOC)CC4)Cl,1,1,0.997291742
1295749,336898995,127046703,0.0239,IC50,CN(C)CCN1C=C(C=N1)C2=CC=C(C=C2)C3=CN=CC(=C3N4CCC5(CCNC5=O)CC4)Cl,1,1,0.997235042
1313396,336894963,118660764,0.011,IC50,CN1C=C(C=N1)C2=CC=C(C=C2)C3=C4C=C(C=CC4=CN=C3)C(=O)N5CC(C5)OC,1,1,0.997232698
1313396,336895722,118660612,0.0021,IC50,CN1C=C(C=N1)C2=CC=C(C=C2)C3=C4C=C(C=CC4=CN=C3)C(=O)NC5CC5,1,1,0.997189706
1295749,336899668,118395147,0.0195,IC50,CC1=NC(=CN1C)C2=CC=C(C=C2)C3=CN=CC(=C3N4CCC5(CCNC5=O)CC4)Cl,1,1,0.997189643
1313396,336896480,118660879,0.025,IC50,CN1C=C(C=N1)C2=CC=C(C=C2)C3=C4C(=CN=C3)C=CC(=N4)C(=O)N5CCNCC5,1,1,0.997186232
1466029,381840512,126568395,0.0032,IC50,CN1C=C(C=N1)C2=C(C=NC=C2)C=CC(=O)NC3=CC4=C(CCN(C4)CC(F)(F)F)C=C3,1,1,0.997163432
1295749,336897690,118408129,0.0018,IC50,CN1C2=C(C=CC(=C2)C3=CN=CC(=C3N4CCC5(CCNC5=O)CC4)Cl)C(=N1)N,1,1,0.997157142
1313396,336895720,118660604,0.00071,IC50,CN1C=CN=C1C2=NC3=C(C=NC=C3C=C2)C4=CC=C(C=C4)C5=CN(N=C5)C,1,1,0.997153148
1313396,336894969,118660623,0.0067,IC50,CN1C=C(C=N1)C2=CC=C(C=C2)C3=C4C=C(C=CC4=CN=C3)N5CCCS5(=O)=O,1,1,0.997073828
1313396,336897206,118660735,0.0047,IC50,CN1C=C(C=N1)C2=CC=C(C=C2)C3=C4C(=CN=C3)C=CC(=N4)C(=O)O,1,1,0.997060244
1315916,374340199,118879418,0.032,IC50,C1CC(N(C1)C(=O)C2=CC3=C(C=C2)NN=C3N)C4=CC=C(C=C4)F,1,1,0.996921605
1313396,336895718,127044488,1.23,IC50,CN1C=CC(=N1)C2=NC3=C(C=NC=C3C=C2)C4=CC=C(C=C4)C5=CN(N=C5)C,1,1,0.99680776
1315916,374311050,91827689,0.0014,IC50,CC1=C2C=C(C=CC2=NN1)C(=O)N3CCCC3C4=CC=C(C=C4)Cl,1,1,0.996763698
1283620,336877492,118960250,0.1,IC50,CN1C=C(C=N1)C2=CC=C(C=C2)CC3=C4C=C(C=CC4=NN3)C(=O)NC5CC5,1,1,0.996762289
1355629,404671415,145962937,10,IC50,CC12CCC(CC1=CCC3C2CCC4(C3CC=C4C5=CC6=C(C=C5)C=NN6)C)O,1,1,0.99674249
1283620,336874752,118960328,0.027,IC50,CN1C=C(C=N1)C2=CC=C(C=C2)CC3=C4C=C(C=CC4=NN3)C(=O)N5CCC(C5)(F)F,1,1,0.996709414
1313396,336895719,118660754,0.016,IC50,CN1C=C(C=N1)C2=CC=C(C=C2)C3=C4C(=CN=C3)C=CC(=N4)C5=NC=CO5,1,1,0.99670778
1295749,336900566,118408043,0.0136,IC50,CN1C2=C(CS1(=O)=O)C=C(C=C2)C3=CN=CC(=C3N4CCC5(CC4)CNC(=O)O5)F,1,1,0.996684743
1313396,336896676,118660591,0.012,IC50,CN1C=C(C=N1)C2=CC=C(C=C2)C3=CN=C(C4=C3C=C(C=C4)C(=O)N5CC(C5)OC)N,1,1,0.99664868
1313396,336897209,118660837,0.0052,IC50,CN1C=C(C=N1)C2=CC=C(C=C2)C3=C4C(=CN=C3)C=CC(=N4)C(=O)N5CC(C5)OC,1,1,0.996492057
1466029,381847395,126568757,0.0063,IC50,CN1C=C(C=N1)C2=C(C=NC=C2)C=CC(=O)NC3=CC=C(C=C3)CN4C5CCC4COC5,1,1,0.996459254
1626393,440127951,118002787,0.157,IC50,CNC1=NC=CC(=N1)N2CCC(C2)NC(=O)NC3=CC(=C(C=C3)CN4CCCC4)C(F)(F)F,1,1,0.996391667
1355629,404657610,145953392,10,IC50,CC12CCC3C(C1CCC2C4=CC5=C(C=C4)C=NN5)CC=C6C3(CCC(C6)O)C,1,1,0.996282655
1295749,336897692,74222277,0.0118,IC50,CN1C2=C(C=C(C=C2)C3=CN=C(C(=C3N4CCC5(CCNC5=O)CC4)Cl)N)C=N1,1,1,0.996269231
1295749,336898757,118408035,0.0131,IC50,CC(C)(CN1C=C(C=N1)C2=CC=C(C=C2)C3=CN=CC(=C3N4CCC5(CCNC5=O)CC4)Cl)O,1,1,0.99613684
1295749,336899463,74222522,0.0021,IC50,CN1C=C(C=N1)C2=CC=C(C=C2)C3=CN=C(C(=C3N4CCC5(CCNC5=O)CC4)C(F)(F)F)N,1,1,0.996117408
1295749,336900272,74222520,0.0127,IC50,CN1C=C(C=N1)C2=CC=C(C=C2)C3=CN=C(C(=C3N4CCC5(CC4)CNC(=O)O5)C(F)(F)F)N,1,1,0.996113731
1315916,374334851,130423545,0.0017,IC50,CC1=C2C=C(C=CC2=NN1)C(=O)N3CCC3C4=CC=C(C=C4)Cl,1,1,0.996029999
1295749,336898411,127046293,0.0863,IC50,CN1C2=C(CS1(=O)=O)C=C(C=C2)C3=CN=CC(=C3N4CCC5(CCCN5CCCOC)CC4)Cl,1,1,0.996024864
1283620,336877415,118960075,0.14,IC50,CN1C=C(C=N1)C2=CC=C(C=C2)CC3=C4C=C(C=CC4=NN3)C(=O)N5CCNCC5,1,1,0.995861024
1283620,336877495,118960213,0.009,IC50,CN1C=C(C=N1)C2=CC=C(C=C2)CC3=C4C=C(C=CC4=NN3)C(=O)N5CC(C5)OC,1,1,0.995846127
1295749,336898777,127046541,3.433,IC50,CN1C=C(C=N1)C2=CC=C(C=C2)C3=CN=CC(=C3N4CCC5(CC4)COC(=O)N5)Cl,1,1,0.995831398
1299821,103342833,9883504,0.0082,IC50,CNC(=O)C1=CC2=C(S1)C=NC=C2OC3=CC=C(C=C3)Cl,1,1,0.995825759
1283620,336878774,118960270,0.11,IC50,CC(=O)NC1=CC2=C(NN=C2C=C1)CC3=CC=C(C=C3)C4=CN(N=C4)C,1,1,0.995798152
1315916,374331980,118879477,0.0031,IC50,C1CC(N(C1)C(=O)C2=CC3=C(C=C2)NN=C3N)C4=CC=C(C=C4)Br,1,1,0.995795163
1466029,381838982,126568428,0.016,IC50,CN1C=C(C=N1)C2=C(C=NC=C2)C=CC(=O)NC3=CC=C(C=C3)CN4CC5CC4CO5,1,1,0.995776349
1313396,336895211,118660867,0.0011,IC50,CN1C=C(C=N1)C2=CC=C(C=C2)C3=CN=C(C4=C3N=C(C=C4)C(=O)N5CC(C5)OC)N,1,1,0.995614468
1295749,336898141,127046088,0.621,IC50,CN1C=C(C=N1)C2=CC=C(C=C2)C3=CN=CC(=C3N4CCC5(CCCN5CCOC)CC4)Cl,1,1,0.99558949
1626393,440165387,117995615,0.0101,IC50,CNC1=NC=CC(=N1)N2CCC(C2)NC(=O)NC3=CC(=C(C=C3)Cl)C(F)(F)F,1,1,0.99557577
1295749,336899404,74222276,0.0011,IC50,CN1C2=C(CS1(=O)=O)C=C(C=C2)C3=CN=C(C(=C3N4CCC5(CCNC5=O)CC4)Cl)N,1,1,0.995560531
1659608,442061218,156019958,0.045,Kd,CC12CCC(CC1CCC3C2CCC4(C3CC=C4C5=CC6=C(C=C5)C=NC=C6)C)N(C)C,1,1,0.99549958
1295749,336900779,127047942,0.11,IC50,CN1C2=C(C=CC(=C2)C3=CN=CC(=C3N4CCC5(CCNC5=O)CC4)Cl)C(=N1)N(C)C,1,1,0.995359765
1474306,381864165,126511899,0.0026,EC50,CNC(=O)C1=NC=C(C=C1)OC2=C3C(=C(S2)C(=O)N)CCC4=C3SN=C4,1,1,0.995316884
1474306,381843401,126511932,0.003,EC50,CC1=NC=C(C=C1)OC2=C3C(=C(S2)C(=O)N)CCC4=C3SN=C4,1,1,0.995276683
1313396,336894970,118660675,0.0056,IC50,CN1C=C(C=N1)C2=CC=C(C=C2)C3=C4C=C(C=CC4=CN=C3)S(=O)(=O)N,1,1,0.995195287
1355629,404661056,145955786,0.208,IC50,CC12CCC(CC1CCC3C2CCC4(C3CCC4C5=CC6=C(C=C5)C=CN=C6)C)O,1,1,0.995125489
1313396,336896429,118660757,0.816,IC50,CN1C=C(C=N1)C2=CC=C(C=C2)C3=C4C(=CN=C3)C=CC(=N4)N5CC(C5)OC,1,1,0.995035449
1295749,336899462,74221937,0.0053,IC50,CN1C=C(C=N1)C2=CC=C(C=C2)C3=CN=C(C(=C3N4CCC5(CC4)C(=O)NC(=O)N5)Cl)N,1,1,0.99503232
1313396,336894972,118660788,0.052,IC50,CN1C=C(C=N1)C2=CC=C(C=C2)C3=CN=C(C4=C3N=C(C=C4)C(=O)N5CCOCC5)N,1,1,0.995025848
1313396,336894910,118660815,0.0018,IC50,CC(=O)NC1=NC2=C(C=NC=C2C=C1)C3=CC=C(C=C3)C4=CN(N=C4)C,1,1,0.994948203
1474306,381842448,126549930,0.021,EC50,CN(C)C(=O)C1=NC=C(C=C1)OC2=C3C(=C(S2)C(=O)N)CCC4=C3SN=C4,1,1,0.994840414
1355629,404668292,145960799,10,IC50,CC12CCC3C(C1CCC2C4=CC5=C(C=C4)NN=C5)CC=C6C3(CCC(C6)O)C,1,1,0.994821225
1355629,404690125,145975477,10,IC50,CC12CCC(CC1=CCC3C2CCC4(C3CC=C4C5=CC6=C(C=C5)NN=C6)C)O,1,1,0.99472582
1355629,404692739,145977216,10,IC50,CC12CCC3C(C1CCC2C4=CC5=CN=NC=C5C=C4)CC=C6C3(CCC(C6)O)C,1,1,0.994723599
1474306,381841912,126511912,0.016,EC50,CC1=C(C=NC=C1)OC2=C3C(=C(S2)C(=O)N)CCC4=C3SN=C4,1,1,0.994716959
1295749,336897949,127045942,0.0006,IC50,CN1C2=C(CS1(=O)=O)C=C(C=C2)C3=CN=CC(=C3N4CCC5(CCNC5=O)CC4)C(F)(F)F,1,1,0.994606455
1283620,336877071,118959844,0.27,IC50,CN1C=C(C=N1)C2=CC=C(C=C2)CC3=C4C=C(C=CC4=NN3)C(=O)N,1,1,0.994558002
1295749,336900063,74222788,0.0225,IC50,CC(C)N1C=C(C=N1)C2=CC=C(C=C2)C3=CN=C(C(=C3N4CCC5(CCNC5=O)CC4)Cl)N,1,1,0.994455276
1299821,103342868,9880710,0.075,IC50,CN(C)C(=O)C1=CC2=C(S1)C=NC=C2OC3=CC=C(C=C3)Cl,1,1,0.994443788
1355629,404653297,145950417,0.024,IC50,CC12CCC(CC1CCC3C2CCC4(C3CCC4C5=CC6=C(C=C5)C=CN=C6)C)N7C=CN=N7,1,1,0.994298766
1299821,336904574,18516190,0.029,IC50,CCC(=O)C1=CC2=C(S1)C=NC=C2OC3=CC=C(C=C3)Cl,1,1,0.994254771
1299821,336904573,53660487,0.032,IC50,CC(=O)C1=CC2=C(S1)C=NC=C2OC3=CC=C(C=C3)Cl,1,1,0.994108839
1299821,103342755,9879529,0.0062,IC50,C1=CC(=CC=C1OC2=CN=CC3=C2C=C(S3)C(=O)N)Cl,1,1,0.994098069
1299821,103627722,44580674,0.0007,IC50,C1=CC(=CC=C1OC2=CN=CC3=C2C=C(S3)C4=NNN=N4)I,1,1,0.994083524
1295749,336898449,74222614,0.0184,IC50,CN1C2=C(CS1(=O)=O)C=C(C=C2)C3=CN=C(C(=C3N4CCC5(CCNC5=O)CC4)F)N,1,1,0.994041968
1466029,381861271,126568853,0.028,IC50,C1COCCN1CC2=CC=C(C=C2)NC(=O)C=CC3=C(C=CN=C3)C4=CN(N=C4)CC(F)(F)F,1,1,0.994011044
1299821,103627791,18516243,0.0011,IC50,C1=CC(=CC=C1OC2=CN=CC3=C2C=C(S3)C4=NNN=N4)Cl,1,1,0.993969684
1313396,336894971,118660710,0.1,IC50,CN1C=C(C=N1)C2=CC=C(C=C2)C3=CN=C(C4=C3N=C(C=C4)C(=O)N5CCNCC5)N,1,1,0.993961382
1295749,336897947,127045941,0.0074,IC50,CN1C2=C(CS1(=O)=O)C=C(C=C2)C3=CN=CC(=C3N4CCC(CC4)(CCN(C)C)C#N)Cl,1,1,0.993908078
1283620,336879146,118960320,0.16,IC50,CN1C2=C(C=C(C=C2)CC3=C4C=C(C=CC4=NN3)C(=O)N5CC(C5)O)C=N1,1,1,0.993845823
1355629,404658648,145954122,10,IC50,CC12CCC(CC1=CCC3C2CCC4(C3CC=C4C5=CC6=CN=NC=C6C=C5)C)O,1,1,0.993763906
1295749,336897946,118394959,0.0037,IC50,CN1C2=C(CS1(=O)=O)C=C(C=C2)C3=CN=CC(=C3N4CCC5(CC4)C(=NNC5=O)C(F)(F)F)Cl,1,1,0.993710879
1466029,381842428,126568459,0.0064,IC50,C1COCCN1CC2=CC=C(C=C2)NC(=O)C=CC3=C(C=CN=C3)C4=CN(N=C4)C(F)F,1,1,0.993695666
1313396,336894984,118660576,0.044,IC50,CC1(CN(C1)C(=O)C2=CC3=C(C=C2)C(=NC=C3C4=CC=C(C=C4)C5=CN(N=C5)C)N)OC,1,1,0.993672272
1295749,336897693,74222108,0.036,IC50,CN1C2=C(C=C(C=C2)C3=CN=C(C(=C3N4CCC5(CC4)CNC(=O)O5)Cl)N)C=N1,1,1,0.993478259
1474306,381884332,125501625,0.22,EC50,CS(=O)(=O)C1=C2C(=C(S1)C(=O)N)CCC3=C2SN=C3,1,1,0.993475979
1466029,381857527,126568856,0.0052,IC50,CN1C=C(C=N1)C2=C(C=NC=C2C=CC(=O)NC3=CC=C(C=C3)CN4CCOCC4)F,1,1,0.993432835
1295749,336898412,127046294,0.0754,IC50,CN1C2=C(CS1(=O)=O)C=C(C=C2)C3=CN=CC(=C3N4CCC5(CCCN5CCCS(=O)(=O)C)CC4)Cl,1,1,0.993325093
1466029,381880826,126568714,0.041,IC50,C1COCCN1CC2=CC=C(C=C2)NC(=O)C=CC3=C(C=CN=C3)C4=CN=CS4,1,1,0.993082802
1283622,336874730,118959880,0.68,IC50,CC(=O)NCCNC1=CC2=C(NN=C2C=C1)CC3=CC=C(C=C3)C4=CN(N=C4)C,1,1,0.993071844
1283620,336874754,118960086,0.043,IC50,CN1C2=C(C=C(C=C2)CC3=C4C=C(C=CC4=NN3)C(=O)N5CCC(C5)O)C=N1,1,1,0.992999474
1626393,440179348,117995668,0.143,IC50,CNC1=NC=CC(=N1)N2CCC(C2)NC(=O)NC3=CC=C(C=C3)OC(F)F,1,1,0.992978534
1299821,336901539,10892544,0.062,IC50,COC(=O)C1=CC2=C(S1)C=NC=C2OC3=CC=C(C=C3)Cl,1,1,0.992813285
1295749,336899255,74222016,0.0052,IC50,CN1C2=C(CS1(=O)=O)C=C(C=C2)C3=CN=C(C(=C3N4CCC5(CC4)CNC(=O)O5)Cl)N,1,1,0.992781141
1388656,381862387,11561907,0.005,IC50,CC12CC=C3C=C4C(C(C(CC45CCC3(C1CCC2C6=CC7=C(C=C6)C=CN=C7)O5)N(C)C)O)O,1,1,0.992764045
1466029,381869151,126568478,0.027,IC50,C1COCCN1CC2=CC=C(C=C2)NC(=O)C=CC3=C(C=CN=C3)C4=CSN=C4,1,1,0.992711825
1315916,374281304,118879529,0.0026,IC50,CC1=C2C=C(C=NC2=NN1)C(=O)N3CCCC3C4=CC=C(C=C4)Cl,1,1,0.992680135
1283620,336878775,118959995,0.71,IC50,CN1C=C(C=N1)C2=CC=C(C=C2)CC3=C4C=C(C=CC4=NN3)NS(=O)(=O)C,1,1,0.992659845
1313396,336895224,118660651,0.0091,IC50,CN1C=C(C=N1)C2=CC=C(C=C2)C3=CN=C(C4=C3C=C(C=C4)C(=O)NC5CC5)N,1,1,0.992623017
1466029,381844591,126568413,0.0025,IC50,C1CC1N2C=C(C=N2)C3=C(C=NC=C3)C=CC(=O)NC4=CC=C(C=C4)CN5CC(C5)(F)F,1,1,0.992616733
1313396,336895225,118660581,0.02,IC50,CN1C=C(C=N1)C2=CC=C(C=C2)C3=CN=C(C4=C3C=C(C=C4)N5CCOC5=O)N,1,1,0.992602039
1626393,440148687,117995665,0.0401,IC50,CNC1=NC=CC(=N1)N2CCC(C2)NC(=O)NC3=CC(=C(C=C3)CN(C)C)C(F)(F)F,1,1,0.99249746
1466029,381865458,126568659,0.041,IC50,CN1C=C(C=N1)C2=C(C=NC=C2)CCC(=O)NC3=CC=C(C=C3)CN4CCOCC4,1,1,0.992490212
1283620,336878776,118959907,0.082,IC50,CN1C=C(C=N1)C2=CC=C(C=C2)CC3=C4C=C(C=CC4=NN3)N5CCCC5=O,1,1,0.992465385
1283620,336879147,127034391,0.018,IC50,CN1C2=C(C=C(C=C2)CC3=C4C=C(C=CC4=NN3)C(=O)N5CC(C5)OC)C=N1,1,1,0.992442105
1299821,336903256,127049826,0.0055,IC50,C1=CC(=CC=C1OC2=CN=CC3=C2C=C(S3)C4=NNN=N4)F,1,1,0.992402393
1295749,336899864,127046376,0.1153,IC50,C1CNC(=O)C12CCN(CC2)C3=C(C=NC=C3C4=CC5=C(C=C4)NS(=O)(=O)C5)Cl,1,1,0.992386492
1463327,381847333,86274983,0.24,IC50,CC1=C(C=C(N1)C(=O)N)C2=CC=NC=C2,1,1,0.992375059
1626393,440206437,118002790,0.0147,IC50,CCN1CCN(CC1)CC2=C(C=C(C=C2)NC(=O)NC3CCN(C3)C4=NC(=NC=C4)NC)C(F)(F)F,1,1,0.992350772
1283620,336877837,118974284,1.9,IC50,CN1C=CN=C1C2=CC3=C(NN=C3C=C2)CC4=CC=C(C=C4)C5=CN(N=C5)C,1,1,0.99231572
1659608,442052805,156014113,0.017,Kd,CC12CC=C3C=C4C(C(C(CC45CCC3(C1CCC2C6=CC7=C(C=C6)C=NC=C7)O5)N(C)C)O)O,1,1,0.99224938
1283620,336878346,118959991,1.5,IC50,CN1C=C(C=N1)C2=CC=C(C=C2)CC3=C4C=C(C=CC4=NN3)C5=NC=CC(=C5)N,1,1,0.992204038
1299821,336904575,11761387,0.0053,IC50,CNC(=O)C1=CC2=C(S1)C=NC=C2OC3=CC=C(C=C3)I,1,1,0.992162672
1474306,381849056,126512048,0.028,EC50,CC1=CC(=CN=C1)OC2=C3C(=C(S2)C(=O)N)CCC4=C3SN=C4,1,1,0.992152734
1299821,103342886,10891751,0.0051,IC50,C1=CC(=CC=C1C#N)OC2=CN=CC3=C2C=C(S3)C(=O)N,1,1,0.992071479
1466029,381852761,126568570,0.0081,IC50,COC1=NC=C(S1)C2=C(C=NC=C2)C=CC(=O)NC3=CC=C(C=C3)CN4CCOCC4,1,1,0.991894012
1315916,374321817,118879437,0.0013,IC50,CC1=C2C(=NN1)C=CC(=N2)C(=O)N3CCCC3C4=CC=C(C=C4)Cl,1,1,0.991838942
1474306,381839826,126511854,0.0013,EC50,COCCNC(=O)C1=NC=C(C=C1)OC2=C3C(=C(S2)C(=O)N)CCC4=C3SN=C4,1,1,0.99177422
1626393,440194467,155555455,5.012,IC50,CNC1=NC=CC(=N1)N2CCC(C2)NC(=O)NC3=CC(=CC(=C3)OC)OC,1,1,0.991657486
1474306,381845692,126512118,0.0014,EC50,C1CC2=C(SC(=C2C3=C1C=NS3)OC4=CN=C(C=C4)C(=O)N)C(=O)N,1,1,0.991586745
1295749,336899667,118395096,0.0046,IC50,C1CNC(=O)C12CCN(CC2)C3=C(C=NC=C3C4=CC=C(C=C4)C5=CN(N=C5)CCO)Cl,1,1,0.991582789
1315916,374358405,118879516,0.045,IC50,C1CCN(C(C1)C2=CC=C(C=C2)F)C(=O)C3=CC4=C(C=C3)NN=C4N,1,1,0.991553697
1313396,336896672,118660787,0.0009,IC50,CNC(=O)C1=NC2=C(C=NC=C2C=C1)C3=CC4=C(C=C3)N(S(=O)(=O)C4)C,1,1,0.991504827
1626393,440110708,155511126,7.157,IC50,CNC1=NC=CC(=N1)N2CCC(C2)NC(=O)NC3=CC=C(C=C3)OC,1,1,0.991455119
1466029,381887793,126568894,0.028,IC50,COC1=CC=C(S1)C2=C(C=NC=C2)C=CC(=O)NC3=CC=C(C=C3)CN4CCOCC4,1,1,0.991379504
1466029,381863696,126584619,0.0067,IC50,C1CC1N2C=C(C=N2)C3=C(C=NC=C3)C=CC(=O)NC4=CC=C(C=C4)CN5CC6CC(C5)O6,1,1,0.991369522
1283620,336878778,118960335,0.313,IC50,CN1C=C(C=N1)C2=CC=C(C=C2)CC3=C4C=C(C=CC4=NN3)S(=O)(=O)NC5CC5,1,1,0.991227564
1283620,336873888,118960206,2,IC50,CNC(=O)C1=CC2=C(NN=C2C=C1)CC3=CC4=C(C=C3)C=NN4C,1,1,0.991126
1466029,381848601,126568663,0.0025,IC50,CN1C=NC2=C1C=C(C=C2)C3=C(C=NC=C3)C=CC(=O)NC4=CC=C(C=C4)CN5CCOCC5,1,1,0.991019538
1315916,374293477,72705882,0.017,IC50,CC1=NC=C2N1N=C(S2)C(=O)N3CCCC3C4=CC=C(C=C4)Cl,1,1,0.990987133
1295749,336898450,74222612,0.101,IC50,CN1C2=C(CS1(=O)=O)C=C(C=C2)C3=CN=C(C(=C3N4CCC5(CC4)CNC(=O)O5)F)N,1,1,0.990978603
1474306,381843355,126511947,0.00058,EC50,CNC1=NC=C(C=C1)OC2=C3C(=C(S2)C(=O)N)CCC4=C3SN=C4,1,1,0.990969436
1474368,381841464,125501420,0.0095,IC50,CSC1=C2C(=C(S1)C(=O)O)CCC3=C2SN=C3,1,1,0.990899474
1466029,381887640,126568503,4.8,IC50,CN1C=NC2=C1C=CC(=C2)C3=C(C=NC=C3)C=CC(=O)NC4=CC=C(C=C4)CN5CCOCC5,1,1,0.990885315
1474306,381844416,126511934,0.14,EC50,CNC(=O)C1=C2CCC3=C(C2=C(S1)SC)SN=C3,1,1,0.99088068
1463327,381886260,117605934,0.008,IC50,CC1=C(NC=C1C2=CC=NC=C2)C(=O)N,1,1,0.990834669
1299821,103343069,9900943,0.025,IC50,COC1=CC=C(C=C1)OC2=CN=CC3=C2C=C(S3)C(=O)N,1,1,0.990816009
1283616,336873889,118960212,0.71,IC50,CNC(=O)C1=CC2=C(NN=C2C=C1)CC3=CC4=C(C=C3)N(N=C4)C,1,1,0.990657185
1315916,374310601,118879403,0.011,IC50,CC1=C2C=C(N=CC2=NN1)C(=O)N3CCCC3C4=CC=C(C=C4)Cl,1,1,0.990533853
1295749,336898996,127046704,0.0223,IC50,C1CCN(C1)CCN2C=C(C=N2)C3=CC=C(C=C3)C4=CN=CC(=C4N5CCC6(CCNC6=O)CC5)Cl,1,1,0.990462563
1295749,336900251,127047567,0.0583,IC50,CC(C)N1C2=C(C=C(C=C2)C3=CN=C(C(=C3N4CCC5(CCNC5=O)CC4)Cl)N)C=N1,1,1,0.990359109
1474306,381856524,126511999,0.0004,EC50,CC(=O)NC1=NC=C(C=C1)OC2=C3C(=C(S2)C(=O)N)CCC4=C3SN=C4,1,1,0.990315996
1626393,440172378,117995570,0.0174,IC50,CNC1=NC=CC(=N1)N2CCC(C2)NC(=O)NC3=CC(=C(C=C3)CN4CCOCC4)C(F)(F)F,1,1,0.990183691
1283620,336874346,127031177,0.2,IC50,CN1C=C(N=C1)C2=CC3=C(NN=C3C=C2)CC4=CC=C(C=C4)C5=CN(N=C5)C,1,1,0.990109994
1474306,381854029,126511881,0.0074,EC50,CC(C)(CNC(=O)C1=NC=C(C=C1)OC2=C3C(=C(S2)C(=O)N)CCC4=C3SN=C4)O,1,1,0.989885922
1355629,404664099,145957887,0.12,IC50,CC12CCC(CC1CCC3C2CCC4(C3CCC4C5=CC6=C(C=C5)C=CN=C6)C)N7CCOCC7,1,1,0.989709124
738799,164149980,71579160,10,INH,CCC(CO)NC1=NC(=C2C(=N1)N(C=N2)C(C)C)NCC3=C(C=CC(=C3)Cl)O,1,1,0.989701695
1626393,440223533,117996022,0.0441,IC50,CNC1=NC=CC(=N1)N2CCC(C2)NC(=O)NC3=CC=C(C=C3)OC(F)(F)F,1,1,0.989684511
1474306,381852544,126511903,0.0083,EC50,CC1=C(C=CC=[N+]1[O-])OC2=C3C(=C(S2)C(=O)N)CCC4=C3SN=C4,1,1,0.989643875
1474306,381850465,126511850,0.0023,EC50,C1CC2=C(SC(=C2C3=C1C=NS3)OC4=CN=C(C=C4)N)C(=O)N,1,1,0.989296275
1299821,336901094,127048193,0.0044,IC50,C1=CC(=CC=C1C(=O)N)OC2=CN=CC3=C2C=C(S3)C4=NNN=N4,1,1,0.989289839
1313396,336894973,118660866,0.012,IC50,CC1(CN(C1)C(=O)C2=NC3=C(C=C2)C(=NC=C3C4=CC=C(C=C4)C5=CN(N=C5)C)N)OC,1,1,0.989263577
1474306,381857360,126512018,1.7,EC50,CN(C)C(=O)C1=C2CCC3=C(C2=C(S1)SC)SN=C3,1,1,0.989229962
1299821,336902816,127049513,0.021,IC50,C1=CC(=CC=C1C(=O)N)OC2=CN=CC3=C2C=C(S3)C(=O)N,1,1,0.98918688
1299821,103342182,11120977,0.029,IC50,CC(=O)NC1=CC=C(C=C1)OC2=CN=CC3=C2C=C(S3)C(=O)N,1,1,0.989004404
1295749,336899865,117072459,0.0136,IC50,C1CNC(=O)C12CCN(CC2)C3=C(C=NC=C3C4=CC5=C(C=C4)C(=NN5)N)Cl,1,1,0.988965347
1626393,440154160,118002788,0.0205,IC50,CNC1=NC=CC(=N1)N2CCC(C2)NC(=O)NC3=CC(=C(C=C3)CN4CCN(CC4)C)C(F)(F)F,1,1,0.988875322
1299821,336901091,127048190,0.0011,IC50,C1=CC(=CC=C1OC2=CN=CC3=C2C=C(S3)C4=NNN=N4)OC(F)(F)F,1,1,0.988797501
1541945,440211033,155562077,0.032,Kd,CC(=O)C1=CC2=C(C=NC=C2C=C1)N3CCN(CC3)C4=CC5=C(C=C4)C=NN5C,1,1,0.988706571
1295749,336899402,74222786,0.0086,IC50,CC(C)(CN1C=C(C=N1)C2=CC=C(C=C2)C3=CN=C(C(=C3N4CCC5(CCNC5=O)CC4)Cl)N)O,1,1,0.98860755
1295749,336900273,118408140,0.0029,IC50,CNC1=NNC2=C1C=CC(=C2)C3=CN=CC(=C3N4CCC5(CCNC5=O)CC4)Cl,1,1,0.988573806
1466029,381865799,126568696,0.0083,IC50,C1COCCN1CC2=CC=C(C=C2)NC(=O)C=CC3=C(C=CN=C3)C4=CC=C(S4)C(=O)N,1,1,0.988462213
1463327,381865993,86274749,0.087,IC50,CC1=C(C=CN=C1)C2=CNC(=C2)C(=O)N,1,1,0.988440138
1474306,381840762,21039588,0.2,EC50,CSC1=C2C(=C(S1)C(=O)N)CCC3=C2ON=C3,1,1,0.988187903
1299821,336901092,127048191,0.001,IC50,C1=CC(=CC=C1C#N)OC2=CN=CC3=C2C=C(S3)C4=NNN=N4,1,1,0.988063271
1299821,336904572,127050763,0.1,IC50,CC(C)NC(=O)C1=CC2=C(S1)C=NC=C2OC3=CC=C(C=C3)Cl,1,1,0.988008416
1466029,381868232,126568496,0.00054,IC50,C1COCCN1CC2=CC=C(C=C2)NC(=O)C=CC3=C(C=CN=C3)C4=CNN=C4,1,1,0.987994801
1283620,336874755,127031446,0.056,IC50,CN1C2=C(C=C(C=C2)CC3=C4C=C(C=CC4=NN3)C(=O)N5CCC(C5)(F)F)C=N1,1,1,0.987960094
1355629,404653379,145950471,0.034,IC50,CC(=O)N(C)C1CCC2(C(C1)CCC3C2CCC4(C3CCC4C5=CC6=C(C=C5)C=CN=C6)C)C,1,1,0.987871338
1315916,374324653,134147560,0.009,IC50,CC1=NC=C2N1C=C(C=C2)C(=O)N3CCCC3C4=CC=C(C=C4)Cl,1,1,0.987761455
1626393,440170899,117995826,0.0184,IC50,CC1=C(C=C(C=C1)NC(=O)NC2CCN(C2)C3=NC(=NC=C3)NC)Cl,1,1,0.987712822
1355629,404656516,145952653,2.3,IC50,CC12CCC(CC1=CCC3C2CCC4(C3CC=C4C5=CC6=CN=C(N=C6C=C5)N)C)O,1,1,0.987547151
1463327,381849645,137640155,0.01,IC50,CC1=C(C=CN=C1)C2=CNC(=C2C)C(=O)N,1,1,0.987495242
1474306,381871140,126512274,1.4,EC50,CN1C=CC(=N1)NC(=O)C2=C3CCC4=C(C3=C(S2)SC)SN=C4,1,1,0.987433875
1299821,336903689,127050128,0.012,IC50,C1=CC(=CC=C1OC2=CN=CC3=C2C=C(S3)C(=O)N)OC(F)(F)F,1,1,0.987285533
1355629,404652883,145950114,0.108,IC50,CC12CCC3C(C1CCC2C4=CC5=CN=C(N=C5C=C4)N)CC=C6C3(CCC(C6)O)C,1,1,0.987184081
1313396,336894977,118660753,0.16,IC50,CN1C=CN=C1C2=NC3=C(C=C2)C(=NC=C3C4=CC=C(C=C4)C5=CN(N=C5)C)N,1,1,0.987160572
1313396,336894200,118660673,0.0069,IC50,CNC(=O)C1=NC2=C(C=NC=C2C=C1)C3=CC4=C(C=C3)C=NN4C,1,1,0.987139037
1463327,381853799,86274985,0.019,IC50,C1=CN=CC(=C1C2=CNC(=C2)C(=O)N)Cl,1,1,0.987107392
1313396,336896191,118660721,0.029,IC50,CC(=O)NC1=CC2=C(C=C1)C(=NC=C2C3=CC=C(C=C3)C4=CN(N=C4)C)N,1,1,0.987040332
1315916,374295322,134139422,3.99,IC50,CC1=NN=C2N1C=C(C=C2)C(=O)N3CCCC3C4=CC=C(C=C4)Cl,1,1,0.986997148
1355629,404666435,145959531,1.32,IC50,CC12CCC(CC1CCC3C2CCC4(C3CCC4C5=CC6=C(C=C5)C=CN=C6)C)NC,1,1,0.98698686
1474306,381842852,126511919,0.89,EC50,CSC1=C2C(=C(S1)C(=O)NC3=NOC=C3)CCC4=C2SN=C4,1,1,0.986932284
1466029,381837523,126568381,0.99,IC50,CN1C=C(C=N1)C2=CC(=NC=C2C=CC(=O)NC3=CC=C(C=C3)CN4CCOCC4)N,1,1,0.986714433
1474306,381848746,126511887,0.002,EC50,CC1=C(C=CC=N1)OC2=C3C(=C(S2)C(=O)N)CCC4=C3SN=C4,1,1,0.986401071
1466029,381869430,126584623,0.029,IC50,C1CC1N2C=C(C=N2)C3=C(C=NC=C3)CCC(=O)NC4=CC=C(C=C4)CN5CCOCC5,1,1,0.986340394
1299821,103342870,9878930,0.006,IC50,CC1=CC=C(C=C1)OC2=CN=CC3=C2C=C(S3)C(=O)N,1,1,0.986206844
738799,164135740,71579251,6.6,INH,CCC(CO)NC1=NC(=C2C(=N1)N(C=N2)C(C)C)NCC3=C(C=CC(=C3)F)O,1,1,0.986053451
1299821,336904571,10132287,0.024,IC50,C1CC1NC(=O)C2=CC3=C(S2)C=NC=C3OC4=CC=C(C=C4)Cl,1,1,0.985967626
1299821,336901491,127048505,0.059,IC50,C1CC1C(=O)C2=CC3=C(S2)C=NC=C3OC4=CC=C(C=C4)Cl,1,1,0.985897236
1315916,374278686,72705885,0.06,IC50,CC1=NC=C2N1N=C(S2)C(=O)N3CCCC3C4=CC=C(C=C4)F,1,1,0.98588095
1659608,442048164,156010746,0.041,Kd,CC12CCC(CC1CCC3C2CCC4(C3CC=C4C5=CN=CC=C5)C)N(C)C,1,1,0.985849303
1626393,440182650,155550801,0.0089,IC50,CCNC1=NC=CC(=N1)N2CCC(C2)NC(=O)NC3=CC(=C(C=C3)Cl)C(F)(F)F,1,1,0.985672576
1474306,381855001,70030697,1.3,EC50,CSC1=C2C(=C(S1)C(=O)N)CCC3=C2NN=C3,1,1,0.985410141
1626393,440125133,117996052,0.0423,IC50,C1CN(CC1NC(=O)NC2=CC(=C(C=C2)Cl)C(F)(F)F)C3=NC(=NC=C3)N,1,1,0.985274947
1299821,103627034,25101222,0.003,IC50,C1=CC(=CC=C1C2=CC=C(C=C2)OC3=CN=CC4=C3C=C(S4)C5=NNN=N5)C(=O)N,1,1,0.985271824
1659608,442049718,156011901,0.0035,Kd,CC12CCC(CC1CCC3C2CCC4(C3CC=C4C5=CC=CC6=C5C=CN=C6)C)N(C)C,1,1,0.985248967
1474306,381842753,59088919,0.025,EC50,CN1C2=C(CCC3=C(SC(=C32)SC)C(=O)N)C=N1,1,1,0.98509018
1355635,404664235,145957989,0.017,IC50,CC12CC=C3C=C4C(C(C(CC45CCC3(C1CC=C2C6=CC7=C(C=C6)C=CN=C7)O5)N(C)C)O)O,1,1,0.985025458
1474306,381865633,126511985,0.0015,EC50,CCOCCNC(=O)C1=NC=C(C=C1)OC2=C3C(=C(S2)C(=O)N)CCC4=C3SN=C4,1,1,0.984332529
1626393,440147245,155535068,0.0603,IC50,C1CN(CC1NC(=O)NC2=CC(=C(C=C2)Cl)C(F)(F)F)C3=NC=NC=C3,1,1,0.98429498
1466029,381858321,126568509,0.0071,IC50,C1CC1N2C=C(C=N2)C3=C(C=NC=C3)C=CC(=O)NC4=CC5=C(CN(CC5)CC(F)(F)F)C=C4,1,1,0.984242785
1626393,440144204,155533047,3.619,IC50,CNC1=NC=CC(=N1)N2CCC(C2)NC(=O)NC3=CC(=CC=C3)OC,1,1,0.983779625
1466029,381844658,126568548,0.0065,IC50,C1CC1N2C=C(C=N2)C3=C(C=NC=C3C=CC(=O)NC4=CC=C(C=C4)CN5CCOCC5)F,1,1,0.98373322
1466029,381845142,126568668,0.0096,IC50,C1CC1N2C=C(C=N2)C3=C(C=NC=C3)C=CC(=O)NC4=CC=C(C=C4)CN5CC6CC5CO6,1,1,0.983577699
1299821,103343081,9880711,0.016,IC50,CCNC(=O)C1=CC2=C(S1)C=NC=C2OC3=CC=C(C=C3)Cl,1,1,0.983573251
1315916,374330879,118879442,0.0085,IC50,CC1=C2C=C(C=CC2=NN1)C(=O)N3CCOCC3C4=CC=C(C=C4)Cl,1,1,0.983516053
1315916,374332876,118879399,0.015,IC50,CC1=C2C=C(C=CC2=NN1)C(=O)N3CCN(CC3C4=CC=C(C=C4)Cl)C,1,1,0.983256959
1313396,336893969,118660811,0.0054,IC50,CNC(=O)C1=NC2=C(C=NC=C2C=C1)C3=CC4=C(C=C3)N(N=C4)C,1,1,0.983227528
1299821,336902818,18516147,0.011,IC50,C1=CC(=CC=C1OC2=CN=C(C3=C2C=C(S3)C(=O)N)Cl)Cl,1,1,0.98318169
1295749,336899788,118394996,8.00E-05,IC50,CC1=NNC(=O)C12CCN(CC2)C3=C(C=NC=C3C4=CC5=C(C=C4)N(S(=O)(=O)C5)C)Cl,1,1,0.983123729
1315916,374302042,134141248,0.032,IC50,C1CC(N(C1)C(=O)C2=CC3=C(C=C2)NN=C3)C4=CC=C(C=C4)Cl,1,1,0.982927471
1463327,381852631,68905654,0.17,IC50,C1=CN=CC=C1C2=CNC(=C2)C(=O)N,1,1,0.982880963
1315916,374338202,118879484,0.049,IC50,C1CN(C1C2=CC=C(C=C2)F)C(=O)C3=CC4=C(C=C3)NN=C4N,1,1,0.982747712
1463327,381860879,86275227,0.48,IC50,CC1=NC=CC(=C1)C2=CNC(=C2)C(=O)N,1,1,0.982691091
1474306,381861216,126511997,0.62,EC50,CSC1=C2C(=C(S1)C(=O)NC3=NSC=C3)CCC4=C2SN=C4,1,1,0.98246701
738799,164149801,71579247,4.1,INH,CC(C)N1C=NC2=C(N=C(N=C21)NCC(C)(C)O)NCC3=C(C=CC(=C3)Cl)O,1,1,0.982216358
1474306,381872777,125501590,0.003,EC50,C1CC2=C(SC(=C2C3=C1C=NS3)OC4=CN=CC=C4)C(=O)N,1,1,0.982082755
738799,164146896,71579248,2.1,INH,CCC(C(C)O)NC1=NC(=C2C(=N1)N(C=N2)C(C)C)NCC3=C(C=CC(=C3)Cl)O,1,1,0.982043582
1463327,381839499,86274982,0.16,IC50,C1=CN=CC=C1C2=C(NC(=C2)C(=O)N)Cl,1,1,0.981944392
1463327,381849099,81689726,0.005,IC50,C1=CN=CC=C1C2=CNC(=C2Cl)C(=O)N,1,1,0.981820352
1315916,374312367,134144159,0.024,IC50,C1CN(CC1C2=CC=C(C=C2)Cl)C(=O)C3=CC4=C(C=C3)NN=C4N,1,1,0.981818434
1355629,404655492,145951944,0.682,IC50,CC12CCC3C(C1CCC2C4=CC5=C(C=C4)C(=NN5)N)CC=C6C3(CCC(C6)O)C,1,1,0.981713841
1463327,381869841,86274986,0.037,IC50,C1=CN=CC(=C1C2=CNC(=C2)C(=O)N)Br,1,1,0.981238754
1299821,336902817,127049514,0.016,IC50,C1=CC(=CC=C1OC2=CN=C(C3=C2C=C(S3)C(=O)N)F)Cl,1,1,0.981210159
738799,164146897,71579249,1.8,INH,CC(C)N1C=NC2=C(N=C(N=C21)NC(C)C(C)(C)O)NCC3=C(C=CC(=C3)Cl)O,1,1,0.98118878
1626393,440203568,155559121,3.478,IC50,CNC1=NC=CC(=N1)N2CCC(C2)NC(=O)NC3=CC=CC(=C3)C#N,1,1,0.981103705
1626393,440208763,155561159,0.0203,IC50,C1CC1NC2=NC=CC(=N2)N3CCC(C3)NC(=O)NC4=CC(=C(C=C4)Cl)C(F)(F)F,1,1,0.980770354
1315916,374287058,118879424,0.0054,IC50,CNC1=NNC2=C1C=C(C=C2)C(=O)N3CCCC3C4=CC=C(C=C4)Cl,1,1,0.980749879
1355629,404660458,145955373,1.52,IC50,CC12CCC(CC1=CCC3C2CCC4(C3CC=C4C5=CC6=C(C=C5)C(=NN6)N)C)O,1,1,0.98064705
1474306,381841272,125501676,0.066,EC50,C1CC2=C(SC(=C2C3=C1C=NS3)OC4=CC=CC=N4)C(=O)N,1,1,0.980535106
1299821,336901093,127048192,0.002,IC50,CC(=O)NC1=CC=C(C=C1)OC2=CN=CC3=C2C=C(S3)C4=NNN=N4,1,1,0.980513928
1474306,381849756,126511904,0.00035,EC50,CC1=C(C=CC(=N1)C(=O)NCCOC)OC2=C3C(=C(S2)C(=O)N)CCC4=C3SN=C4,1,1,0.980241335
1299821,336901095,10924768,0.0028,IC50,C1=CC(=CC=C1OC2=CN=CC3=C2C=C(S3)C(=O)O)Cl,1,1,0.980092189
1466029,381861799,126568629,0.0015,IC50,C1COCCN1CC2=CC=C(C=C2)NC(=O)C=CC3=C(C=CN=C3)C4=CC5=C(C=C4)N=CN5,1,1,0.979797671
1283622,336873342,127030505,0.84,IC50,CC(C)CC1=C2C=C(C=CC2=NN1)C(=O)NC,1,1,0.979664843
1463327,381838355,86274747,4.95,IC50,CN1C=C(C=C1C(=O)N)C2=CC=NC=C2,1,1,0.979522049
1466029,381860481,125487493,0.051,IC50,CN1C=C(C=N1)C2=C(C=NC=C2)C=CC(=O)NC3=CC=CC=C3,1,1,0.97913479
738799,164144152,71579250,2.5,INH,CCC(C(C)O)NC1=NC(=C2C(=N1)N(C=N2)C(C)C)NCC3=C(C=CC(=C3)F)O,1,1,0.978961739
1463327,381865280,117605645,0.013,IC50,CCC1=C(NC=C1C2=CC=NC=C2)C(=O)N,1,1,0.978757342
1466029,381884275,126568590,0.0045,IC50,C1COCCN1CC2=CC=C(C=C2)NC(=O)C=CC3=C(C=CN=C3)C4=CN(N=C4)CC5=CC=CC=C5,1,1,0.978558543
1626393,440138074,155529020,0.117,IC50,C1CN(CC1NC(=O)NC2=CC(=C(C=C2)Cl)C(F)(F)F)C3=CN=C(C=C3)C(F)(F)F,1,1,0.978545555
1613762,440196077,86690228,0.0016,IC50,CC1=C(C=CC=N1)OC2=C3C(=C(S2)C(=O)N)CCC4=C3N(N=C4)C,1,1,0.978517979
1474306,381850851,126512125,2.8,EC50,CSC1=C2C(=C(S1)C(=O)NC3=CC=CC=N3)CCC4=C2SN=C4,1,1,0.978506618
1283620,336873891,118959791,0.076,IC50,CC(C)(CN1C=C(C=N1)C2=CC=C(C=C2)CC3=C4C=C(C=CC4=NN3)C(=O)NC)O,1,1,0.978233284
1659608,442063647,156021645,0.013,Kd,CC12CCC(CC1CCC3C2CCC4(C3CC=C4C5=CC(=CN=C5)Cl)C)N(C)C,1,1,0.978160876
1541945,440130901,155524325,0.03,Kd,CN1C2=C(C=CC(=C2)N3CCN(CC3)C4=CN=CC5=CC=CC=C54)C=N1,1,1,0.977771277
1536865,440218688,5640185,1.3,IC50,COC1=CC=C(C=C1)C(=O)C2=CN=C3C=CC(=CC3=C2N4CCCCC4)F,1,1,0.977592208
1299821,336903695,127050134,0.0015,IC50,C1=CC(=CC=C1OC2=CN=C(C3=C2C=C(S3)C(=O)N)N)Cl,1,1,0.976620847
1283622,336875203,118959923,2.5,IC50,CNC(=O)C1=CC2=C(NN=C2C=C1)CC3=CC(=C(C=C3)OC)OC,1,1,0.976351853
1283620,336873887,118959947,1.9,IC50,CC1=CC(=CC=C1)CC2=C3C=C(C=CC3=NN2)C(=O)NC,1,1,0.976219276
1613758,440219884,73776232,0.0044,IC50,CC1=C2C3=C(CCCN3C(=N2)N4CCNCC4)C(=C1Br)Br.Cl,1,1,0.975394781
1541945,440123660,155519717,0.6,Kd,CC1=NC(=CO1)CC(=O)N2CCN(CC2)C3=CN=CC4=CC=CC=C43,1,1,0.974583099
1463327,381847721,86275229,0.019,IC50,CC1=NC=CC(=C1)C2=CNC(=C2C)C(=O)N,1,1,0.974490365
1299821,336902843,127049521,0.008,IC50,CC1=NC=C(C2=C1SC(=C2)C(=O)N)OC3=CC=C(C=C3)Cl,1,1,0.974215852
1419883,404696751,145979845,0.043,IC50,CC(C)C1=C2C(=NC=NN2C=C1)NC3CCC(CC3)N4CCN(CC4)C(=O)C,1,1,0.973863474
1299821,103627724,44580676,0.0083,IC50,C1=CC=C(C=C1)OC2=CN=CC3=C2C=C(S3)C4=NNN=N4,1,1,0.973597368
1652529,442062726,145749888,4.49,IC50,CC(C)(C)C1=CN=C(O1)CSC2=CN=C(S2)NC3CCCN(C3)C(=O)C4=CC=C(C=C4)NC(=O)C=C,1,1,0.971978333
1419883,404708857,138728749,0.111,IC50,CC(=O)N1CCN(CC1)C2CCC(CC2)NC3=NC=NN4C3=C(C=C4)C5CCOCC5,1,1,0.971783022
1474368,381883482,126512116,0.54,IC50,CSC1=C2C(=C(S1)C(=O)NC3=CC=CC=C3)CCC4=C2SN=C4,1,1,0.971470243
1315916,374276150,72548523,0.077,IC50,CC1=NC=C2N1N=C(S2)C(=O)N3CCCC3C4=CC=CC=C4,1,1,0.971462283
1388653,404680875,73776233,0.004,IC50,CC1=C2C3=C(CCCN3C(=N2)N4CCNCC4)C(=C1Br)Br,1,1,0.970704511
1609442,104250984,25125014,0.09,IC50,CC(C)C1=C2N=C(C=C(N2N=C1)NCC3=CC=CC=C3)NC(CO)C(CO)O,1,1,0.970438901
1295749,336899253,74221936,0.0425,IC50,C1CNC(=O)C12CCN(CC2)C3=C(C(=NC=C3C4=CC5=C(C=C4)C(=NN5)N)N)Cl,1,1,0.970185166
1474306,381857686,125501698,0.00077,EC50,C1CC2=C(SC(=C2C3=C1C=NS3)OC4=CC=CC=C4)C(=O)N,1,1,0.970142616
1299821,103627789,44580715,0.0016,IC50,CC1=CC=C(C=C1)OC2=CN=CC3=C2C=C(S3)C4=NNN=N4,1,1,0.969407076
738799,164138786,49838820,3.4,INH,CC(C)N1C=NC2=C(N=C(N=C21)NC3CCC(CC3)N)NCC4=C(C=CC(=C4)Cl)O,1,1,0.968840615
1541941,440132018,132180482,0.001,IC50,CN(C)C(=O)CN1C=C(C=N1)C2=CC=C(C=C2)C3=CN=CC4=CC=CC=C43,1,1,0.96881636
1463327,381877554,129316487,0.41,IC50,CNC(=O)C1=CC(=CN1)C2=CC=NC=C2,1,1,0.968384391
1313396,336897204,118660737,0.0053,IC50,CNC(=O)C1=NC2=C(C=NC=C2C=C1)C3=CC4=C(C=C3)NS(=O)(=O)C4,1,1,0.968238825
1463327,381881943,86275228,0.35,IC50,C1=CN=C(C=C1C2=CNC(=C2)C(=O)N)Cl,1,1,0.967223084
1309854,336905736,127051599,0.042,IC50,CC(=O)N1CCC(CC1)N2C=C(C=N2)NC3=NC=C(C(=N3)C4=CN=C5N4C=CC=C5)Cl,1,1,0.9670427
1609442,134463435,49867929,4.2,IC50,CC(C)C1=C2N=C(C=C(N2N=C1)NCC3=CC=CC=C3)NCCCCCCN,1,1,0.966629148
1626393,440197425,117995714,0.166,IC50,C1CN(CC1NC(=O)NC2=CC(=C(C=C2)Cl)C(F)(F)F)C3=NN4C=NN=C4C=C3,1,1,0.965249271
1474306,381857286,125501655,0.49,EC50,CSC1=C2C(=C(S1)C#N)CCC3=C2SN=C3,1,1,0.964935509
1315916,374345897,72548521,0.781,IC50,CCOC1=CC=CC=C1C(C)NC(=O)C2=NN3C(=NC=C3S2)C,1,1,0.964820209
1526306,440141946,155531579,0.299,Kd,[B-]1(N2C(=CC(=C2C=C3[N+]1=C(C=C3)CCC(=O)NCCOCCOCCOCCNC4CC5N6C7=CC=CC=C7C8=C9C(=C1C2=CC=CC=C2N(C1=C86)C(C4OC)(O5)C)CNC9=O)C)C)(F)F,1,1,0.964008755
1474306,381844310,125501693,0.55,EC50,CSC1=C2C(=C(S1)C(=O)N)CCC3=C2SN=N3,1,1,0.96400667
1526306,440185933,155552127,0.148,Kd,[B-]1(N2C(=CC(=C2C=C3[N+]1=C(C=C3)CCC(=O)NCCOCCOCCOCCN(C)C4CC5N6C7=CC=CC=C7C8=C9C(=C1C2=CC=CC=C2N(C1=C86)C(C4OC)(O5)C)CNC9=O)C)C)(F)F,1,1,0.963541703
1463327,381877549,86274989,0.003,IC50,C1=CN=CC=C1C2=CNC(=C2C(F)(F)F)C(=O)N,1,1,0.961893675
1613762,440219435,56646720,0.023,IC50,C1=CC(=CC=C1CCC2=NN=CO2)NC(=O)C=CC3=C(C=CN=C3)C4=CC=C(C=C4)F,1,1,0.961699527
1526942,440132424,139582016,0.068,IC50,COC(=O)N1CCN(CC1)C2CCC(CC2)NC3=NC=NC4=C3C=C(C=C4)C#N,1,1,0.961337413
1613754,440210847,769383,0.018,IC50,CC1=C(C=C(C=C1)NC(=O)NC2=CC=C(C=C2)CC3=CC=NC=C3)C,1,1,0.960033085
1609442,404718939,91844733,1.2,IC50,CC(C)C1=C2N=C(C=C(N2N=C1)NCC3=CC=CC=C3)NCC4CCNCC4O,1,1,0.959711641
1388681,242216559,3835861,0.5,IC50,CC1CCC2=C(C1)C(=C(C(=N2)N)C#N)C3=CN=CC=C3,1,1,0.958398499
1463327,381860392,137647437,4.63,IC50,CCC1=C(C=CN=C1)C2=CNC(=C2)C#N,1,1,0.958180923
1474303,312375046,68115559,0.022,IC50,C1CC(CCC1N2CCOCC2)OC3=C4C5=C(CCC5CC(=O)N)SC4=NC=N3,1,1,0.958139641
1626393,440137417,155528575,0.0146,IC50,CNC1=NC=C(C(=N1)N)OC2=CC=CC(=C2)NC(=O)NC3=CC(=C(C=C3)Cl)C(F)(F)F,1,1,0.955863524
1315916,374285716,72548748,0.129,IC50,CCOC1=CC=CC=C1CNC(=O)C2=NN3C(=NC=C3S2)C,1,1,0.954541514
1309854,336903204,126970673,0.81,IC50,CC1=C(C(=NN1C2CCN(CC2)C(=O)C(C)O)C)NC3=NC=C(C(=N3)C4=C5C=CC=CN5N=C4)Cl,1,1,0.954432287
1528742,440114584,136333957,0.351,IC50,CC1=C(C=NN1)C2=CC3=C(S2)C(=O)NC(=N3)C4CCCCN4.Cl.Cl,1,1,0.952493489
1388653,381865585,71661259,0.024,IC50,CN1CCN(CC1)C(=O)C2=CC3=C(C=C2)C=C(C=C3)CCNC4=NC=NC5=C4C=C(C=C5)C#N,1,1,0.951175881
1433,50100096,9874913,0.01,Kd,CC1=NC=C(C=C1)OC2=C(C=C(C=C2)NC3=NC=NC4=C3C=C(C=C4)C=CCNC(=O)COC)C,1,1,0.951025946
1439521,381883307,50825578,0.183,IC50,C1CCN(C1)C(=O)CC2=NN=C(S2)NC(=O)NC3=CC(=CC=C3)Cl,1,1,0.95089113
1577063,440121414,138911334,8.02,Kd,C1=CC2=C(C=CC(=C2)NC(=O)C3=CC(=C(C=C3)Cl)Cl)C=C1C(=O)NC4=NC=CS4,1,1,0.950278737
1474371,381867742,136215760,0.0002,IC50,C1=CC=C(C=C1)C(CO)NC2=NC(=CN=C2)C3=CC(=C(C=C3)O)Cl,1,1,0.949283294
435903,104234154,5287969,0.12,Kd,CN1CCC(C(C1)O)C2=C(C=C(C3=C2OC(=CC3=O)C4=CC=CC=C4Cl)O)O,1,1,0.948235486
1317359,374321087,78357764,0.016,IC50,CC(C)C1=C2C=C(C=CC2=NN1C)C3=NC(=NC=C3)NC4CCC(CC4)NC5CCOCC5,1,1,0.94786537
1440106,381839818,67129970,2.11,IC50,C1=CC2=C(C=C1NC3=NC4=C(C(=N3)NCC(F)(F)F)OC=C4)NN=C2,1,1,0.947541649
1536865,440146170,26471503,2.9,IC50,COC1=CC=C(C=C1)CNC2=C3C(=CSC3=NC=N2)C4=CC=CC=C4,1,1,0.947494687
1439521,381858115,137645874,0.0065,IC50,C1CN(CCC1CNC(=O)NC2=CC(=C(C=C2)Cl)Cl)C3=NSC(=N3)CC4=CC=C(C=C4)F,1,1,0.947069244
1476232,381885613,132204257,0.048,IC50,CC(C)(C)C1=CC(=NO1)NC(=O)NC2=CC=C(C=C2)N3C4=NC=NC(=C4C(=N3)C5=CC=C(C=C5)OCCN6CCOCC6)N,1,1,0.944751461
1439521,381868036,16648944,0.093,IC50,CC1=C(N=NN1C2=CC3=C(ON=C3C=C2)C4=CC=CC=C4)C(=O)NC5=CC=CC(=C5)C(=O)C,1,1,0.942950759
1474300,381882329,137062026,0.031,IC50,C1CCNC2=NN3C(=NC=C3C4=CC(=CC=C4)OCC1)C=C2,1,1,0.942847464
624829,104246801,42642645,0.13,Kd,COC1=CC2=C(C=CN=C2C=C1OCCCN3CCOCC3)OC4=C(C=C(C=C4)NC(=O)C5(CC5)C(=O)NC6=CC=C(C=C6)F)F,1,1,0.942646269
1651618,405270306,78357763,0.194,IC50,CN(C)CC=CC(=O)NC1=CC=CC(=C1)C(=O)NC2=CC=CC(=C2)NC3=NC=C(C(=N3)C4=CNC5=CC=CC=C54)Cl,1,1,0.941460062
1388656,404683283,56927063,0.28,IC50,C1=CC=C(C=C1)CCNC2=NC=NC3=C2C=C(C=C3)C#N,1,1,0.941096272
1463327,381846320,86274748,0.17,IC50,C1=CC=C(C=C1)CN2C=C(C=C2C(=O)N)C3=CC=NC=C3,1,1,0.939302074
1463327,381846498,23390220,0.28,IC50,C1=CN=CC=C1C2=CNC(=C2)C#N,1,1,0.939230164
624829,103722924,126565,8,Kd,CC12C(CC(O1)N3C4=CC=CC=C4C5=C6C(=C7C8=CC=CC=C8N2C7=C53)CNC6=O)(CO)O,1,1,0.939100185
1439521,381847754,45937557,0.036,IC50,COC1=CC=C(C=C1)CC(=O)N2CCN(CC2)C3=CC=C(C=C3)NC(=O)NC4=CC=CC(=C4)C(F)(F)F,1,1,0.938476411
624829,123092542,135565635,6.3,Kd,CC(C)N1C2=NC=NC(=C2C(=N1)C3=CC4=C(N3)C=CC(=C4)O)N,1,1,0.93835707
624829,104246213,24180719,1.9,Kd,CCCS(=O)(=O)NC1=C(C(=C(C=C1)F)C(=O)C2=CNC3=C2C=C(C=N3)Cl)F,1,1,0.936591474
1613754,440127388,883778,0.047,IC50,CC1=C(C=C(C=C1)NC(=O)NC2=NN=C(S2)C3=CC(=CC=C3)F)C,1,1,0.933496801
1653036,442063184,71305045,0.01,Kd,CC1=CC=C(C=C1)N2C(=CC(=N2)C(C)(C)C)NC(=O)NCCCNC(=O)OC(C)(C)C,1,1,0.933132805
624829,103491101,11314340,3.5,Kd,CC1=C2C=C(C=CC2=NN1)C3=CC(=CN=C3)OCC(CC4=CC=CC=C4)N,1,1,0.932242806
1474371,381871001,75202254,0.0004,IC50,C1=CC=C(C=C1)C(CO)NC2=CN=CC(=C2)C3=CC4=C(C=C3)NN=C4,1,1,0.931334734
1378312,131285782,10177,2.2,IC50,C1=CC=C2C(=C1)C(=C(N2)O)C3=NC4=CC=CC=C4C3=O,1,1,0.929777861
1439521,381886067,46390532,0.009,IC50,C1=CC=C2C(=C1)NC(=O)C(=N2)CSC3=NN=C(S3)NC(=O)NC4=CC=CC(=C4)C(F)(F)F,1,1,0.923561259
1613754,440148332,39850573,0.386,IC50,C1=CC=C(C(=C1)NC2=C3C=C(C=CC3=NC=C2)F)F,1,1,0.918041478
493040,103904986,18516106,0,0,C1=CC(=CC=C1C2=CN=CC3=C2C=C(S3)C(=O)N)Br,0,0,0.053967974
1313396,336894253,127043532,0,Inhibition,CNC(=O)C1=NC2=C(C=C1)C(=NC=C2C3=CC4=C(C=C3)NS(=O)(=O)C4)N,0,0,0.053437111
1645049,440156172,9837640,10,Kd,C1=CC=C2C(=C1)C(=O)N=C(S2)C3=CC=CC=N3,0,0,0.051909958
493040,103904314,49830359,0,0,CN1C=C(C=N1)C2=CN=C(C3=C2SC=C3C4=CC=C(C=C4)NC(=O)NC5=CC(=CC=C5)F)N,0,0,0.051500181
493040,103905040,20244403,0,0,C1=CN=CC2=C1C=C(S2)C(=O)N,0,0,0.050961936
1645049,318374372,56645363,0,% Control,CC(C)(C1=CN=CC(=C1)C2=NC3=C(N2C4CC4)C=C(C=C3)F)O,0,0,0.048408644
493040,103905461,49830970,0,0,CC1=NC2=CC(=NN2C(=C1)C(=O)N)C(C)(C)C,0,0,0.043649065
493040,103905669,49831047,0,0,CCN1C2=C(C=NC=C2C(=O)N3CCC(C3)N)N=C1C4=NON=C4N,0,0,0.04363283
493040,103904954,5711,0,0,CC(C1CCC(CC1)C(=O)NC2=CC=NC=C2)N,0,0,0.042310609
1645049,440202169,56849304,0,% Control,CN(C)C(=O)CN1C=C(C=N1)C2=NC(=NO2)C3(CC3)C4=CC=C(C=C4)C5=CN=C(N=C5)N,0,0,0.042000799
493040,103905651,49831039,0,0,CC1=NN(C2=C1C(=C(S2)C(=O)N)N)C,0,0,0.039948253
1355636,404657475,145953305,0,0,CC12CCC(CC1CCC3C2CCC4(C3CCC4C5=CC6=C(C=C5)C=CN=C6)C)N(C)CCCCCOCCOCCNC7=CC=CC8=C7C(=O)N(C8=O)C9CCC(=O)NC9=O,0,0,0.038417019
493040,103904469,49830436,0,0,CC1=C2C=C(C=CC2=NN1)C3=CC(=CN=C3)OCCN,0,0,0.037834387
493040,103904918,49830716,0,0,CC1CCN(CC1C2=NC=C3N2C4=C(NC=C4)N=C3)C(=O)CC#N,0,0,0.037690726
0,0,0,0,0,Cc1nnc(NC(CSc2nnc3ccc(c4ccncc4)nn23)=O)s1,0,0,0.036860385
493040,103904879,44247753,0,0,C1C2COCC2CN1C3=CC4=C(C=CN=C4C=C3)NC(=O)NC5=NC=CN=C5,0,0,0.036713077
1645049,440180707,155550034,0,% Control,CC(=O)N1CCC(CC1)C2=C(C=C(C=C2)C(=O)NC3=NCCN3)C(F)(F)F,0,0,0.035196924
1645049,318444609,53251189,0,% Control,CC1=NC(=NC=C1)NC2=CC(=CC(=C2)C3=CN=C(S3)C4(CCC(C(C4)(C)C)C(=O)O)O)C,0,0,0.035036399
1645049,440132255,52916803,0,% Control,CS(=O)(=O)C1=NC=CC(=C1)C2(CC2)NC(=O)C3=CN=CC4=C3C=NN4C5=CC=C(C=C5)F,0,0,0.035004867
1645049,442046237,156009445,0,% Control,CC1=NOC(=N1)C2CC(CN(C2)C(=O)N3CCS(=O)(=O)C3)C4=CC=C(C=C4)C(F)(F)F,0,0,0.034255493
493040,103905596,5291,0,0,CC1=C(C=C(C=C1)NC(=O)C2=CC=C(C=C2)CN3CCN(CC3)C)NC4=NC=CC(=N4)C5=CN=CC=C5,0,0,0.034136977
493040,103905131,46872619,0,0,CC1=C(C=CC(=C1)OCC2=CC(=C(C=C2)Cl)Cl)CN3CC(C3)C(=O)O,0,0,0.033503863
0,0,0,0,0,CCCN1CCN(CCNC(=O)c2ccc(Nc3cc(ncn3)c4ccc(C)cc4)cc2)CC1,0,0,0.032508517
493040,103905389,3547,0,0,C1CNCCN(C1)S(=O)(=O)C2=CC=CC3=C2C=CN=C3,0,0,0.032381329
1645049,163338225,51031001,0,% Control,CC(=O)N1CCC(CC1)C2=C(C=C(C=C2)C(=O)N=C(N)N)C(F)(F)F,0,0,0.032361345
1641572,312390293,66764813,0,0,CC(C1CC1)(C2=CC=C(C=C2)C3=CN=C(N=C3)N)C4=NOC(=N4)C5=CN(N=C5)CC(=O)N(C)C,0,0,0.032117251
1645049,336900042,89794927,0,% Control,CC1=NC(=NC=C1C2=C3C=NNC3=CC(=C2)C(F)(F)F)N4CCC(C4)O,0,0,0.031653
493040,103904480,49830441,0,0,CC1=C2C=C(C=CC2=NN1)C3=CC(=CN=C3)OCC(CC4=CC(=C(C=C4)Cl)Cl)N,0,0,0.030593586
493040,103905648,5494449,0,0,CC1=CC(=NN1)NC2=CC(=NC(=N2)SC3=CC=C(C=C3)NC(=O)C4CC4)N5CCN(CC5)C,0,0,0.030477012
493040,103904402,49830398,0,0,CC1=C(C=CC(=C1)NC2=NC=C(C(=N2)NC3C4CC(C3C(=O)N)C=C4)F)N5CCN(CC5)C,0,0,0.030196227
493040,103904486,22607455,0,0,C1=CC=C2C(=C1)C(=CN2)CC(COC3=CN=CC(=C3)C4=CC5=C(C=C4)C=NC=C5)N,0,0,0.029963244
493040,103905622,9811611,0,0,C1CCN(C1)CCCCNC(=O)NC2=C(C(=NS2)OCC3=C(C=C(C=C3F)Br)F)C(=O)N,0,0,0.029624938
493040,103905611,49831028,0,0,C12=C(NN=C1N=C(S2)Cl)N,0,0,0.029351154
1645049,381887626,137662140,0,% Control,CC1=C(SC(=N1)CC2=CC(=CC=C2)C(F)(F)F)C3=CN=C(C=C3)C(=O)N,0,0,0.029107751
493040,103905613,49831029,0,0,C1=CC2=NC=C(C=C2C=C1C3=CC=NC=C3)O,0,0,0.029039167
1645049,440132040,154701643,0,% Control,CC1=NC2=C(C(=N1)C3CCN(CC3)C(=O)C4=C(C=C(C=C4)OC(F)(F)F)N)N=CC(=C2)N5CCN(CC5)C,0,0,0.028987496
493040,103904282,49830347,0,0,CC1=CC(=C(C=C1)F)NC(=O)NC2=CC=C(C=C2)C3=COC4=C3C(=NC=C4C#CCN5CCOCC5)N,0,0,0.028925792
493040,103904605,49830513,0,0,CN1C=C(C=N1)NC2=NC=C(C(=N2)NC3=CC=CC=C3C(=O)N)Br,0,0,0.028886115
493040,103905679,16048554,0,0,CCC1=C2N=C(C=C(N2N=C1)NCC3=C[N+](=CC=C3)[O-])N4CCCCC4CCO,0,0,0.028847177
493040,103904191,49830274,0,0,C1=CC(=CC=C1C2=CNC3=NC=CC(=C23)Cl)C(=O)N,0,0,0.02884083
1645049,440192898,155554839,0,% Control,CC1=NC=CC(=N1)COC(=O)N2CC3C(C2)C3CNC(=O)C4=CC5=NNN=C5C=C4,0,0,0.028794936
493040,103905574,46871637,0,0,CN1CCN(CC1)C2=NC=C(C=C2)C3=CC4=C(NCCN4CC5=C(C=CC(=C5)Cl)C(F)(F)F)N=C3,0,0,0.028782225
493040,103904612,49830518,0,0,CN1C=C(C=N1)NC2=NC=C(C(=N2)NC3=CC=CC=C3C(=O)N)Cl,0,0,0.028559399
1642380,381885815,78319901,0,0,CC1CN(CC(O1)C)C2=NC=NC(=C2)C3=NNC4=C3C=C(C=C4)OC5(CC5)C,0,0,0.028021279
493040,103904782,24905142,0,0,C1CCC(C1)N2C3=NC=NC(=C3C(=N2)C4=CN=C5C(=C4)C=CN5)N,0,0,0.027522032
493040,103905519,49830996,0,0,CC1=CN2CC(=O)NN=C2C=C1,0,0,0.027419974
493040,103905552,49831006,0,0,CCC(=O)NC1=CC(=C(C=C1)C(=O)N2CCNCC2)O,0,0,0.027413137
0,0,0,0,0,O=C(N1CCN(CC1)C2([H])CCCCC2)C3=CC(=CC=C3)N4C=NC5=CC=CN=C45,0,0,0.02718177
493040,103904575,49830498,0,0,C1=CC=C(C=C1)CNC2=C(C=CC(=C2)C3=CC=NC=C3)C#N,0,0,0.026632009
493040,103904413,18521941,0,0,CN1CCN(CC1)C2=CC=C(C=C2)NC3=NC(=C(S3)C(=O)C4=C(C=CC=C4Cl)Cl)N,0,0,0.026459398
1645049,318374355,122179556,0,% Control,C1CC1N2C3=C(C=C(C=C3)C(F)(F)F)N=C2C4=CN=CC=C4,0,0,0.026244882
1645049,440120698,134128280,0,% Control,CN1CCN(CC1)C2=CC3=C(C(=NC=N3)C4CCN(CC4)C(=O)C5=C(C=C(C=C5)OC(F)(F)F)N)N=C2,0,0,0.025895774
493040,103905660,5330286,0,0,CC1=C(C(=O)N(C2=NC(=NC=C12)NC3=NC=C(C=C3)N4CCNCC4)C5CCCC5)C(=O)C,0,0,0.02578654
0,0,0,0,0,O=C(c1cnccc1)N/N=C(\CC1)/CC/C1=N\NC(c1cnccc1)=O,0,0,0.025758459
493040,103904984,24809803,0,0,C1=CC(=C(C=C1Cl)Cl)C2=C(C=C(N2)C3=NC(=NC=C3)N)C(=O)N,0,0,0.025608353
493040,103904739,49830590,0,0,CC(=O)NCC(=O)N1C2CCC1C3=C2C=CC(=C3)NC4=NC=C(C(=N4)NC5CCC5)C(F)(F)F,0,0,0.025509419
1645049,440210612,155561913,0,% Control,CC(C1=C(C=NC2=CC(=NN21)Cl)NC3=CC=C(C=C3)C(C(F)(F)F)N(C)C(=O)C4CCS(=O)(=O)CC4)OC,0,0,0.025426512
1645049,440202233,155558608,0,% Control,C1C(CN1C(=O)NC2=NN=CC=C2)CC=CC3=CN=CC(=N3)OC4=NC=C(C=C4)C(F)(F)F,0,0,0.02542623
1645049,440201576,155558331,0,% Control,CC1CN(CC(O1)C)C2=NC=NC(=C2)C3=NN(C4=C3C=C(C=C4)OC5(CC5)C)C,0,0,0.024932383
493040,103905098,49830820,0,0,C1=CC=C(C=C1)N2C(=C3C=CC(=CC3=N2)N)C(=O)O,0,0,0.024913969
493040,103905117,24906268,0,0,COC1=CC2=C(C=C1)NC(=O)C2=CC3=CN=CN3,0,0,0.024765578
493040,103905439,13811517,0,0,CC(=O)C1=C(C(=O)N(N=C1C2=CC=CC=C2)C)N,0,0,0.024708718
1645049,440134679,139600336,0,% Control,C1CN(C(C2=C1N=CC=C2)C3=CC=C(C=C3)F)C(=O)NC4=CN=C(N=C4)OC5=CC=C(C=C5)F,0,0,0.024677944
1645049,442046238,154701640,0,% Control,C1CC1C2=NOC(=N2)C3CC(CN(C3)C(=O)N4CCS(=O)(=O)CC4)C5=CC=C(C=C5)OC(F)(F)F,0,0,0.024564307
493040,103904404,23652669,0,0,CCNC1=NC(=C(S1)C2=NC(=NC=C2)NC3=CC=C(C=C3)N4CCN(CC4)C(=O)C)C,0,0,0.024557396
1645049,440156611,155540255,0,% Control,C1CCC=CC2CC2(NC(=O)C3CC(CN3C(=O)C(CC1)NC(=O)OC4CCCC4)OC5=CC=NC=C5)C(=O)O,0,0,0.024236464
493040,103905437,447873,0,0,CCCN1C(=NC(=C1C2=NC(=NC=C2)NC3CCCCC3)C4=CC(=C(C=C4)Cl)Cl)C5CCNCC5,0,0,0.024232616
493040,103904786,49830622,0,0,CC(=O)C1=CC=CC(=C1)C2=CN=C3C(=C2)C=CN3,0,0,0.023961406
493040,103905531,49831000,0,0,CC12C(C(CC(O1)N3C4=CC=CC=C4C5=C6C(=C7C8=CC=CC=C8N2C7=C53)CNC6=O)NC)OC,0,0,0.023956197
1450095,381839145,52917534,0,0,CS(=O)(=O)N1CCC2=C(C1)N=C3N2C=C(N=C3N4CCOCC4)C5=CN=C(N=C5)N,0,0,0.023897094
1982,48409448,2858522,0,0,CC1=CC2=C(C=C1C)N(C(=N2)NCCCO)CC(=O)C3=CC(=C(C(=C3)C(C)(C)C)O)C(C)(C)C.Br,0,0,0.02386745
1450095,381887134,52917084,0,0,C1CC1S(=O)(=O)N2CCC3=C(C2)N4C=C(N=C(C4=N3)N5CCOCC5)C6=CN=C(N=C6)N,0,0,0.0237998
1645049,318390136,23728722,0,% Control,CC1=C(C(NC(=O)N1C2=CC=CC(=C2)C(F)(F)F)C3=CN=C(C=C3)C#N)C(=O)C,0,0,0.023589315
1645049,440190963,155554081,0,% Control,CC1(C(=O)N(C2=NC=C(N21)C(=O)NC3(CC3)C4=NC(=NO4)C5CCC5)C6=CC(=CC(=C6)Cl)Cl)CC7=CC=C(C=C7)C#N,0,0,0.023303878
1645049,381861468,56649300,0,% Control,CC1=C(C=CC(=C1)N2C(=NC(=N2)CC3=CC(=CC(=C3)F)C(F)(F)F)C)C(=O)N,0,0,0.022942216
493040,103905239,9892366,0,0,CN(C)CC1CCN2C=C(C3=CC=CC=C32)C4=C(C5=CN(CCO1)C6=CC=CC=C65)C(=O)NC4=O,0,0,0.022906727
493040,103904806,22665513,0,0,CC1=CC(=CC=C1)NC2=NC(=CN=C2C(=O)N)NC3CCCCC3N,0,0,0.022883109
1645049,440223918,140309892,0,% Control,C1CC(=O)N(C1)C2=CC(=CC3=C2N(CC3)C4=NC=C(C=N4)N)S(=O)(=O)NC5=C(C=C(C=C5F)Cl)F,0,0,0.022804776
493040,103905273,17754772,0,0,C1CCC(C1)C(CC#N)N2C=C(C=N2)C3=C4C=CNC4=NC=N3,0,0,0.022791725
493040,103904500,49830453,0,0,CC(C)(C)CCOC1=CC(=CC2=C1C(=NN2)N)C3=CC=C(C=C3)C(=O)N,0,0,0.022768713
493040,103905446,49830961,0,0,CC1=CC=C(C=C1)NCC2=CN=C(C=C2)C3=CC=C(C=C3)F,0,0,0.02269299
1645049,440175888,85469632,0,% Control,C1CC1C2C3(CCS(=O)(=O)CC3)C4=C(N2S(=O)(=O)C5=CC=C(C=C5)F)C=CC(=C4)C(=O)NCC6=C(C=C(C=N6)C(F)(F)F)Cl,0,0,0.022598679
493040,103905614,9820195,0,0,CC(C1CCC(CC1)C(=O)NC2=C3C=CNC3=NC=C2)N,0,0,0.022519466
493040,103905329,49830907,0,0,C1=CC=C(C=C1)C2=NC=C3N2C(=NC=C3)N,0,0,0.022508699
493040,103904990,49830755,0,0,C#CC1=CN(C2=NC=NC(=C12)N)C3CCCC3,0,0,0.022401274
493040,103904731,25016188,0,0,C1CC1NC2=NC(=NC3=C2SC=C3)NC4=CC(=C(C=C4)N5CCOCC5)Cl,0,0,0.022063388
493040,103904683,49830556,0,0,C1=CC=C2C(=C1)C(=CN2)CC(C(=O)NC3=CN=CC(=C3)C=CC4=CC=NC=C4)N,0,0,0.022012474
493040,103904935,49830727,0,0,CC1=CN=C(S1)NC2=NC(=NC=C2Br)NC(C)C,0,0,0.021887772
493040,103905503,12678237,0,0,C1C(C(C(=O)C(=C1C2=CC=CC=C2)C#N)C(=O)C3=CC=CC=C3)C4=CC=C(C=C4)Cl,0,0,0.021499163
493040,103904821,49830643,0,0,C1CCC2=C(C1)N=C(S2)N3C4=C(C=CC(=C4)C#N)N=C3N,0,0,0.021425059
493040,103905528,9834334,0,0,C1=C(C=NC2=NNC(=C21)N)Br,0,0,0.021133758
0,0,0,0,0,O=C(NC=1C=CC([Cl])=CC=1[Cl])NCC=3C=CC(=C2C=CN=CC2=3)C4=CC=CC=C4,0,0,0.021063223
493040,103905543,3062316,0,0,CC1=C(C(=CC=C1)Cl)NC(=O)C2=CN=C(S2)NC3=CC(=NC(=N3)C)N4CCN(CC4)CCO,0,0,0.021035578
493040,103904917,49830715,0,0,CCC1CC(CC1C2=NC=C3N2C4=C(NC=C4)N=C3)NS(=O)(=O)C5CC5,0,0,0.021012996
1645049,318376732,118430456,0,% Control,CC1=C(C(=NN1C2=C(C=C(C=N2)C3CC3)F)OC(C)C)OC4=C(C=CC=C4F)F,0,0,0.020981591
1645049,440180856,155550101,0,% Control,CS(=O)(=O)C1=NC=CC(=C1)C(CCNS(=O)(=O)C)NC(=O)C2=CN=CC3=C2C=NN3C4=CC=C(C=C4)F,0,0,0.020976665
493040,103905087,4714238,0,0,CN(CC1=CC(=C(C2=C1C=CC=N2)O)Cl)C3CCCCC3,0,0,0.020940405
493040,103904270,49830343,0,0,C1OC2=C(O1)C=C(C=C2)C3=C4N=CC(=C(N4N=C3)N)C5=CC=C(C=C5)NC(=O)NC6=CC=CC(=C6)C(F)(F)F,0,0,0.020929526
493040,103904503,22484544,0,0,C1CCN(CC1)C2=NC=NC3=C2C(=CN3)C4=CC=CC=C4,0,0,0.020764478
0,0,0,0,0,CC(=C1C(=O)Nc2ccc(cc12)S(=O)(=O)NC3CCCCC3)C,0,0,0.020656883
493040,103905311,135993697,0,0,CC1=NN(C2=C1C3=C(S2)C(=O)NC=N3)C,0,0,0.020516178
493040,103904198,22477600,0,0,C1=CC=C(C=C1)C2=C3C=CNC3=NC=C2,0,0,0.020507966
493040,103905427,49830953,0,0,C1COCCN1C2=CC=C(C=C2)OCCC3=CC4=C(C=C3)NC5=C(C=CC(=C5)C6=CN(C7=C6C=CN=C7)CC8=CC(=C(C(=C8)F)F)F)C(=O)N4,0,0,0.020442778
493040,103905317,868869,0,0,CC1=CC(=C(C=C1)C)NC(=O)C2=CC(=NC3=CC=CC=C32)C4=CC=CO4,0,0,0.020262945
493040,103904601,9934347,0,0,CNC(=O)C1=CC=CC=C1NC2=NC(=NC=C2Cl)NC3=C(C=C(C=C3)N4CCOCC4)OC,0,0,0.020057604
0,0,0,0,0,[Br]/C1=C/C(=CC=C1)C2=NC(=NN2)C=3NN=CC=3NCC=4C=CN=CC=4,0,0,0.020057098
493040,103904681,46873764,0,0,CCCCC#CC1=CC=C(C=C1)CN2CC(C2)C(=O)O,0,0,0.020030029
1645049,440170404,155545891,0,% Control,CC1=C(C=C(C=C1)C2=CN=C(S2)C3(CCC(C(C3)(C)C)C(=O)O)O)NC4=CC=CC(=N4)C(F)(F)F,0,0,0.020024155
493040,103905573,49831011,0,0,C1CC(C2=C(C1)N=C(C=C2)C3C4=C(C=CC(=C4)C#N)NC3=O)O,0,0,0.019963973
493040,103904988,24809834,0,0,C1=CC(=C(C=C1Cl)F)C2=C(C=C(N2)C3=NC(=NC=C3)N)C(=O)N,0,0,0.019847272
1645049,103745040,11577204,0,% Control,C1CC(CCC1NS(=O)(=O)C(F)(F)F)(C2=C(C=CC(=C2)F)F)S(=O)(=O)C3=CC=C(C=C3)Cl,0,0,0.019804073
1645049,124963756,24771824,0,% Control,C1CN(CCC1=CC2=CC(=CC=C2)OC3=NC=C(C=C3)C(F)(F)F)C(=O)NC4=NN=CC=C4,0,0,0.019750857
1645049,440225117,59126962,0,% Control,CC1=C(C=CC2=C1N=C(C=C2OC3CC4C(=O)NC5(CC5C=CCCCCCC(C(=O)N4C3)NC(=O)OC6CCCC6)C(=O)O)C7=CSC(=N7)NC(=O)C(C)C)OC,0,0,0.019730416
493040,103905163,135564570,0,0,C1COCCN1CC2=CN=C(C=C2)C3=C(NC4=C3C=C(C=C4)C#N)O,0,0,0.019520819
493040,103904598,16038120,0,0,CC(C)S(=O)(=O)C1=CC=CC=C1NC2=NC(=NC=C2Cl)NC3=C(C=C(C=C3)N4CCC(CC4)N5CCN(CC5)C)OC,0,0,0.01936406
493040,103904684,135398510,0,0,CN1CCN(CC1)C2=CC3=C(C=C2)N=C(N3)C4=C(C5=C(C=CC=C5F)NC4=O)N,0,0,0.019330695
1645049,440153796,91827581,0,% Control,CCCCN(CCCC)C(=O)CN1CC(C(C1CC(C)(C)CCC)C(=O)O)C2=CC3=C(C(=C2)OC)OCO3,0,0,0.019313796
493040,103905339,176870,0,0,COCCOC1=C(C=C2C(=C1)C(=NC=N2)NC3=CC=CC(=C3)C#C)OCCOC,0,0,0.019229652
493040,103905555,46894109,0,0,CC1=C(C=CC=C1NC(=O)C2=CC=C(C=C2)C(C)(C)C)C3=CN(C(=O)C(=C3)NC4=NC=C(C=C4)C(=O)N5CCOCC5)C,0,0,0.019152723
1645049,440162068,138973681,0,% Control,CC1=NC2=CC(=C(C=C2C(=N1)NC(C)C3=CC(=CS3)C4=CC=CC=C4CNC)OC)OC,0,0,0.019103057
493040,103904893,24859158,0,0,C1=CN=C2C(=CC(=CC2=C1NC(=O)NC3=NC=CN=C3)F)F,0,0,0.018950406
1645049,242645573,25114442,0,% Control,COC1=CC2=C(C=C1)C=C(C=C2)OCC3(CN(C3)C(=O)C4=CC=C(C=C4)F)C(=O)O,0,0,0.018691496
493040,103905004,49830764,0,0,CCN(C1=CC=C(C=C1)NC2=NC3=C(C(=N2)NC4CC4)NC=N3)C(=O)C,0,0,0.018529159
493040,103905668,49831046,0,0,C1=CC2=NC(=CN2C=C1C(=O)N)C3=CC=C(O3)[N+](=O)[O-],0,0,0.018461173
493040,103904405,10022738,0,0,CC1=C(SC(=N1)NC)C2=NC(=NC=C2)NC3=CC=C(C=C3)N4CCNCC4,0,0,0.018382164
493040,103904479,20744829,0,0,CC1=C2C=C(C=CC2=NN1)C3=CC(=CN=C3)OCC(CC4=CC(=CC=C4)Cl)N,0,0,0.018287244
1645049,440131550,91885570,0,% Control,CN1C(=CC(=N1)C(F)(F)F)C2=CN=C(N=C2)N3CCC4=C3C(=CC(=C4)S(=O)(=O)NC5=C(C=C(C=C5F)Cl)F)N6CCCC6=O,0,0,0.018280216
493040,103905203,49830864,0,0,COC(=O)C1=C(N=C2N1C=CC=C2)N,0,0,0.018227605
1645049,404679711,49846946,0,% Control,CC1(CCC(=C(C1)C2=CC=C(C=C2)Cl)CN3CCN(CC3)C4=CC(=C(C=C4)C(=O)NS(=O)(=O)C5=CC(=C(C=C5)NCC6CCC(CC6)OC)[N+](=O)[O-])OC7=CN=C8C(=C7)C=CN8)C,0,0,0.018099906
493040,103904678,49830555,0,0,C1CCC(CC1)NC2=C(C=C(C=C2)S(=O)(=O)NC(=O)C3=CC=C(C=C3)C4=CC=C(C=C4)F)N,0,0,0.018091362
493040,103905411,4521392,0,0,C1OC2=C(O1)C=C(C=C2)C3=C(NC(=N3)C4=CC=C(C=C4)C(=O)N)C5=CC=CC=N5,0,0,0.018065114
1645049,440193399,155555047,0,% Control,C1COCCC1CNC2=C(C=C(C=C2)S(=O)(=O)NC(=O)C3=C(C=C(C=C3)N4CCN(CC4)CC5=C(C=C(C=C5)C(F)(F)F)C6=CC=C(C=C6)Cl)OC7=CN=C8C(=C7)C=CN8)[N+](=O)[O-],0,0,0.01804811
493040,103905026,25141092,0,0,CN1CCN(CC1)C2=CC(=C(C=C2)C(=O)NC3=NNC4=C3C=C(C=C4)CC5=CC(=CC(=C5)F)F)NC6CCOCC6,0,0,0.017941443
493040,103904506,25165082,0,0,C1=CC2=C(C=C1C3=CC(=NO3)CO)C=NN2,0,0,0.017835138
493040,103905584,5169,0,0,C1=CC(=CC=C1C2=NC(=C(N2)C3=CC=NC=C3)C4=CC=C(C=C4)F)O,0,0,0.017786284
0,0,0,0,0,O=C(NCC)C4=C/C=C(/NC=2N1C=CN=CC1=NC=2C=3/C=C(/OC)C(=CC=3)OC)C=C4,0,0,0.017716472
493040,103904992,49830756,0,0,C1COCC1N2C=C(C3=C(N=CN=C32)N)C4=CC=C(C=C4)OC5=CC=C(C=C5)CO,0,0,0.017663919
493040,103905167,11715767,0,0,C1CNC(=O)C2=C1NC(=C2)C3=CC=NC=C3,0,0,0.017577233
493040,103905623,11617559,0,0,COC1=CC=C(C=C1)COC2=C(C=C(C=C2)CC3=CN=C(N=C3N)N)OC,0,0,0.017540807
493040,103905323,49830902,0,0,CCC1=C(NC2=NC=CN=C12)C3=CC=C(C=C3)C(=O)C,0,0,0.017418229
1645049,136929043,45376872,0,% Control,CCOC(=O)C1=CC2=C(N1)C=CC(=C2)C3=CC(=NN3C)C(=O)NCC4=CC=C(C=C4)C(=O)O,0,0,0.01738662
0,0,0,0,0,CC1(C)OCC(Cc2ccc3OCOc3c2)CO1,0,0,0.017364296
0,0,0,0,0,[F]C([F])([F])C2=NNC3=NC1=C/C=C(/[Br])C=C1C(=C23)C4=CC=CC=C4,0,0,0.017356935
493040,103904736,49830587,0,0,C1=CC(=CN=C1)C2=CC3=CC(=NC=C3C=C2)NCCO,0,0,0.017354538
493040,103905207,4589745,0,0,CCOC1=CC(=C(C=C1)C=C2C(=O)N=C(S2)N)O,0,0,0.017337369
0,0,0,0,0,O=C(O)C=4C=CC(NC=2N1C=CN=CC1=NC=2C=3/C=C(/OC)C(O)=CC=3)=CC=4,0,0,0.017300577
1645049,381840647,121301422,0,% Control,COC1=CC2=C(C=C1)C(CC(O2)C3=CC(=C(C=C3)OC)OC)NC(=O)C4(CC4)C5=CC6=C(C=C5)OC(O6)(F)F,0,0,0.017177161
1645049,440208510,155561056,0,% Control,CC1=C(C=C(C2=C1C=C(C=C2)C3=CC=C(C=C3)C(F)(F)F)C4=CC=C(C=C4)C5CCNCC5)C(=O)O,0,0,0.017174935
493040,103905685,49831052,0,0,C1=CC2=CN=C(C=C2C=C1Br)NC3=NC=NC=C3,0,0,0.017002954
493040,103904936,49830728,0,0,CC(C)C(C)NC1=NC=C(C(=N1)NC2=NC=CS2)Cl,0,0,0.016993633
493040,103905179,5181561,0,0,CC(C)(C1=CC(=C(C(=C1)I)O)Br)C2=CC(=C(C(=C2)I)O)Br,0,0,0.016983689
493040,103904927,49830721,0,0,CCOC(=O)CC1=NC2=C(C=CC=C2N1)N,0,0,0.016945608
493040,103905666,17754438,0,0,C1=CC2=C(C=CC(=C2)CN3C4=NC(=CN=C4N=N3)C5=CN(N=C5)CCO)N=C1,0,0,0.016909432
493040,103905499,49830989,0,0,C1CNC(=O)C2=C(N1)C(=CS2)C(=O)O,0,0,0.016763961
493040,103905122,6455415,0,0,C1=CC(=CC(=C1)F)CNC2=NC=NC3=C2NC=N3,0,0,0.016701454
1645049,163325400,71455782,0,% Control,C1CCN(C1)C(=O)C2=CC(=C3C=CC=CN3C2=O)CN4CCC(CC4)(C#N)C5=CC=CC=N5,0,0,0.016540123
0,0,0,0,0,Nc1n[nH]c2nc(cc(c3ccc(F)cc3)c12)c4cc(Cl)ccc4Cl,0,0,0.01651993
1645049,440164595,155543618,0,% Control,CC1=C2C=C(C=CC2=NN1)C3C(=C(NC(=C3C#N)C4=CC=C(C=C4)Cl)C)C#N,0,0,0.016433568
493040,103905324,49830903,0,0,CC1=CC=C(C=C1)C2=CC3=NC(=CN=C3N2)Br,0,0,0.016395829
1645049,163339280,49821991,0,% Control,COCCOC1=NC(=NC2=C1CN(CC2)C(=O)C3=C4C=CC=CN4C=N3)C5=CN=C(C=C5)Cl,0,0,0.01636443
493040,103905586,24995524,0,0,C1=CC(=CC(=C1)Cl)NC(=O)NC2=NC=C(S2)CCNC3=NC=NC4=C3SC=C4,0,0,0.016310111
493040,103905556,49831007,0,0,CC(C)(C)C1=CC=C(C=C1)C(=O)NC2=CC=CC(=C2CO)C3=CN(C(=O)C(=C3)NC4=NC=C(C=C4)C(=O)N5CCOCC5)C,0,0,0.016292899
493040,103905447,3392643,0,0,C1C2=CC=CC=C2C3=C1C=NN3,0,0,0.016213899
1645049,442046235,11772152,0,% Control,CSC1=C(N=CC=C1)N2CCN(CC2)CC3=NC4=CC=CC=C4N3,0,0,0.016201664
493040,103904983,49830754,0,0,CC1=CC=C(C=C1)C2=CC3=C(C=CC(=C3N2)C(=O)N)NCCN,0,0,0.016187202
0,0,0,0,0,O=C(NCCCN1CCN(CC1)CC)C2=CC(=CC=C2)N3C(C)=NC4=CC=CN=C34,0,0,0.016137072
1645049,134457814,56678756,0,% Control,CCC(=O)NC1CCC(C1)C(=O)N(C)C2=CC=C(C=C2)C3=NC4=CC=CC=C4O3,0,0,0.016110358
493040,103905230,49830871,0,0,CC(=O)C1=CC=CC(=C1)C2=NN3C=CN=C3C=C2,0,0,0.015835228
1645049,440177378,137332060,0,% Control,CC(C(F)(F)F)N(CC1=CC=C(C=C1)F)C(=O)CN2C(=O)C3(CCC4=C3C=C(C=C4)NC(=O)NC)OC2=O,0,0,0.015785755
493040,103905480,49830979,0,0,C1CNC2(CCN(CC2)C(=O)CC3=CC=C(C=C3)OC(F)(F)F)C4=C1C5=CC=CC=C5N4,0,0,0.015699344
493040,103904813,24180596,0,0,C1COCCN1CCCCOC2=CC3=C(CC4=C3NN=C4C5=CN=C(C=C5)C#N)C=C2,0,0,0.015696938
493040,103905518,49830995,0,0,CCCCNC(=O)C1=CN(C(=O)C2=CC(=C(C=C21)OC)OC)C(CC)CC,0,0,0.015592991
493040,103905635,17754396,0,0,CC1=C(C=CC2=C3C4=CC(=C(C=C4N=CC3=C(N=C12)N)OC)OC)N,0,0,0.015589027
493040,103905562,49831009,0,0,CN1C(=O)C(=C(N=C1NCC(CC2=CC=CC=C2)N)C3=CC=NC=C3)C4=CC5=CC=CC=C5C=C4,0,0,0.015543019
493040,103905615,3335325,0,0,CCOC(=O)C1=C(N(C2=C1C=C(C3=CC=CC=C32)O)C4=CC=C(C=C4)I)C,0,0,0.015379348
493040,103905579,49831015,0,0,C1=CC(=CC(=C1)O)C2=C3C(=CC=C2)ON=C3N,0,0,0.015264536
0,0,0,0,0,Fc1ccccc1C(=O)N2CCc3[nH]nc(C(=O)NC4CCCc5ccccc45)c3C2,0,0,0.01519533
493040,103905561,2801756,0,0,C1=CC2=C(C=C1Cl)N=NC3=NN=NN23,0,0,0.01517323
493040,103905342,3038522,0,0,CC(C)OC1=CC=C(C=C1)NC(=O)N2CCN(CC2)C3=NC=NC4=CC(=C(C=C43)OC)OCCCN5CCCCC5,0,0,0.015158803
0,0,0,0,0,C1(=NC=C([S]1)C/C2=C/C=CC=3C=CC=CC2=3)NC=4C=CC=CC=4,0,0,0.015146683
1645049,336898977,44470113,0,% Control,CC(C1=CC=CC(=C1)C#N)N2C=C(C=C(C2=N)C(=O)N)Cl,0,0,0.015084142
493040,103905581,49831016,0,0,C1C2=C(C=C(C=C2)Br)C3=C1C=NN3,0,0,0.014955846
493040,103905027,49830780,0,0,CN1CCN(CC1)C2=CC(=C(C=C2)C(=O)NC3=NNC4=C3C=C(C=C4)CC5=CC(=CC(=C5)F)F)OC,0,0,0.014941355
0,0,0,0,0,O=C(C/C1=N/C(=NN1)C/C2=C/C=C(/[F])C=C2)NC=3/C=C(/[F])C([F])=CC=3,0,0,0.014940933
493040,103905340,9933475,0,0,CC1=CC2=C(N1)C=CC(=C2F)OC3=NC=NC4=CC(=C(C=C43)OC)OCCCN5CCCC5,0,0,0.0149075
493040,103905327,15504063,0,0,C1C2=C(NC1=O)N=CC(=C2)C3=CC=CC=C3,0,0,0.014824009
493040,103904740,23740938,0,0,C1C=CC2C1C(NC3=C2C4=CC=CC=C4C=C3)C5=CC(=CC=C5)NC(=O)C6=CC=C(C=C6)F,0,0,0.014765015
1645049,440171401,155546287,0,% Control,C1CCC(CC1)CCCNC(=O)C2=CC=C(C=C2)CNC(=O)C3=C(N(N=C3)C4=CC=CC=C4)C(F)(F)F,0,0,0.014528547
493040,103904807,9928802,0,0,C1CCC(C(C1)N)NC2=NC(=C(C=C2)C(=O)N)NC3=CC(=CC=C3)Cl,0,0,0.014524865
493040,103905435,49830954,0,0,CCCCNC1=NC(=C(S1)C(=O)C2=CC=CC=C2)N,0,0,0.014423799
1645049,318372032,60195662,0,% Control,CC(C1=CC=C(C=C1)F)N(CC2=CC(=CC=C2)C(=O)O)C(=O)C3=CC4=CC=CC=C4N=C3,0,0,0.014328849
1645049,136938862,56850410,0,% Control,CN1C(=CC(=N1)C(=O)NCC2=CC=C(C=C2)C(=O)O)C3=CC4=C(C=C3)NC=C4,0,0,0.014308888
493040,103905462,49830971,0,0,CC(C)C1=CC(=O)NC2=C1C(=O)NN2,0,0,0.014225617
493040,103905083,49830808,0,0,C1=CC=C(C=C1)C2=NC(=NC=N2)NC3=CC(=C(C=C3)O)CN,0,0,0.014186544
493040,103905118,5111160,0,0,C1=CC=C2C(=C1)C(=CN2)C=NNC(=O)CCC(=O)NC3=C(C=CC(=C3)C(F)(F)F)Cl,0,0,0.01417251
493040,103905011,49830769,0,0,CCC1=C2C=CNC2=NC(=N1)NC3=CC(=C(C=C3)N4CCOCC4)Cl,0,0,0.014115041
493040,103904930,46872622,0,0,C1C(CN1CC2=C(C=C(C=C2)OCC3=CC=CC=C3)Cl)C(=O)O,0,0,0.014086541
1645049,440217121,118425786,0,% Control,C1CC(C(C1CN2C(=O)C3=CC=CC=C3N=N2)C(=O)O)C(=O)C4=CC=C(C=C4)OCCC5CCOCC5,0,0,0.014071388
493040,103904458,49830427,0,0,C1=CC(=CC(=C1)NC(=O)NC2=CC=C(C=C2)C3=NNC(=O)C=C3)C(F)(F)F,0,0,0.014050656
0,0,0,0,0,Clc1ccc(\C=C\2/Oc3ccc(cc3NC2=O)C(=O)NCCN4CCCC4)cc1,0,0,0.014020198
493040,103905504,49830992,0,0,CC1=CC(=NN1)NC2=NC(=CC(=N2)Cl)NCC3=CC=CC=C3,0,0,0.013996365
1645049,440170635,58026161,0,% Control,CCS(=O)(=O)C1=NC=C2C(=C1)C=C(N2)CC(CC(C)(C)C3=C(C=C(C=C3)F)C(=O)N)(C(F)(F)F)O,0,0,0.013979799
493040,103905631,49831034,0,0,C1CN(CC2=C1NC3=C2C=C(C=C3Cl)Cl)C(=O)NC4=CC=C(C=C4)[N+](=O)[O-],0,0,0.013915952
493040,103904682,44632634,0,0,C1CN(CC=C1C2=CNC3=C2C=CC=N3)C(=O)NCCC4=CC=CS4,0,0,0.013868626
1645049,134451810,42611190,0,% Control,C1CNCCC1C2=CC=C(C=C2)C3=C4C=CC(=CC4=CC(=C3)C(=O)O)C5=CC=C(C=C5)C(F)(F)F,0,0,0.013829539
1645049,440112062,139030333,0,% Control,C1CCC(CC1)CCCNC(=O)C2=CC=C(C=C2)CNC(=O)C3=C(N(N=C3)C4=CC=CC=C4)N,0,0,0.013740658
493040,103904781,4878,0,0,CC(C)(C)N1C2=NC=NC(=C2C(=N1)C3=CC=C(C=C3)Cl)N,0,0,0.013666356
493040,103905608,21874004,0,0,CN1CCN(CC1)C2=CC=C(C=C2)C(=O)NC3=NNC4=C3CN(C4)C(=O)C(C5=CC=CC=C5)OC,0,0,0.013605699
493040,103905056,10296883,0,0,CN1CCN(CC1)C2=NC3=CC=CC=C3C(=N2)C4=C(C(=O)NC4=O)C5=CNC6=CC=CC=C65,0,0,0.013593264
1645049,440186768,155552454,0,% Control,CN1C=C(C2=C(C=CN=C21)OC3=C(C=C(C=C3F)NC4=CC(=NC(=N4)N)Cl)F)Cl,0,0,0.013385997
0,0,0,0,0,C(C1=CC(c2ccccc2)=NNC1=O)c1cc2c(c(c1)[Cl])OCO2,0,0,0.013362516
1645049,440165585,10278851,0,% Control,CN1C=NC=C1C(COC2=C(C=C(C=C2)C#N)C3=CC=C(C=C3)OC(F)(F)F)(C4=CC=C(C=C4)C#N)O,0,0,0.013344047
493040,103904554,49830481,0,0,C1=CC=C(C=C1)C(CN)NC(=O)C2=CC=C(C=C2)C3=CC=NC=C3,0,0,0.013272662
1645049,440170924,58431184,0,% Control,CC(C(=O)NC1(CC1)C2=CC=CC=N2)NC(=O)C3=CN=C4N3C(C(=O)N4C5=CC(=C(C(=C5)Cl)F)Cl)(C)CC6=CC=C(C=C6)C#N,0,0,0.013261476
1645049,103478702,11386747,0,% Control,CC(=O)C1=C(C2=CC(=C(N=C2N(C1=O)C)C3=C(C=C(C=C3)Cl)Cl)C4=CC=C(C=C4)Cl)NC(=O)C,0,0,0.013225745
0,0,0,0,0,CCc1ccc(cc1)C(=O)c2sc(Nc3cccc(Cl)c3)nc2N,0,0,0.013223209
493040,103905460,49830969,0,0,CC1=C2C(=O)C3=C(C=C(C=C3)C(C)C)NC2=NC=C1,0,0,0.013079568
493040,103904441,136027060,0,0,C1=CC=C(C=C1)NC(=O)NN=CC2=CC(=C(C(=C2)Br)O)Br,0,0,0.013059822
493040,103904920,49830718,0,0,CC1=C(SC(=N1)C2=CC=NC=C2)C(=O)NC(C)C3=CC(=CC=C3)OC,0,0,0.01290283
493040,103904230,49830307,0,0,CC(=O)NC1CCCC(C1)NC2=NC(=CC(=N2)Cl)C3=CNC4=C3C=CC=N4,0,0,0.012845971
493040,103905657,49831044,0,0,CC(C)OC1=NNC(=C1)NC2=NC(=NC=C2Cl)NC(C)C3=NC=C(C=C3)F,0,0,0.012837878
1645049,404661187,131953432,0,% Control,C1C2C(C2CNC(=O)C3=CC4=NNN=C4C=C3)CN1C(=O)OCC5=CC(=CC(=C5)C(F)(F)F)C(F)(F)F,0,0,0.012795703
0,0,0,0,0,O=C1NC(=Nc2nccc(c3ccncc3)c12)NCCc4ccccc4,0,0,0.012723567
1645049,440159052,155541355,0,% Control,CC(C)CC(=O)N1CCC2=C(C1)C(=NC(=N2)C3=CC=C(C=C3)Br)N(C)CC4=CC=CC=C4,0,0,0.012687802
493040,103905008,49830766,0,0,CC1=CC(=CC=C1)C2=C3C(=CC=C2)ON=C3N,0,0,0.012678251
493040,103904326,49830367,0,0,CC1=CC(=CC=C1)NC(=O)NC2=CC=C(C=C2)C3=CSC4=C3C(=NC=C4C5=CN(N=C5)CC(C)O)N,0,0,0.012470182
493040,103905655,49831042,0,0,CCN1C2=C(C=CC(=C2)N)C3=C(C1(C4=CC=CC=C4)O)C=C(C=C3)N,0,0,0.012462993
0,0,0,0,0,COc1cc(CC2C(COC2=O)C3(SCCCS3)c4ccc5OCOc5c4)cc(OC)c1OC,0,0,0.012400077
493040,103904818,49830640,0,0,CC(C1=CC=CC=C1F)NC2=CN=CC(=N2)N3C=NC4=C3C=C(C=C4)C#N,0,0,0.01204809
1645049,103683319,45268455,0,% Control,CN(C1CCC2=C(C3=CC=CC=C3N2C1)CC(=O)O)S(=O)(=O)C4=CC=C(C=C4)F,0,0,0.012025994
493040,103905326,49830905,0,0,C1=CC(=CN=C1)C2=CC=C(C=C2)CC(=O)NC3=CC=C(C=C3)SC(F)F,0,0,0.011982414
1645049,381842065,137635074,0,% Control,C1=CC(=C(C=C1C#N)Cl)NC2=CC3=C(C=C2)NC(=O)N3,0,0,0.011949016
0,0,0,0,0,COc1ccc(C(=O)NC(=S)Nc2ccc(cc2)n3nncc3c4ccccc4)c(OC)c1,0,0,0.011923576
493040,103905109,315880,0,0,C1=CC=C2C(=C1)C(=CN2)C=C3C4=CC=CC=C4NC3=O,0,0,0.011907149
0,0,0,0,0,Fc1ccc(NC2=Nc3nccc(c4ccncc4)c3C(=O)N2)cc1,0,0,0.011905217
493040,103904406,49830399,0,0,CN1CCN(CC1)C2=CC=C(C=C2)NC3=NC=C(C(=N3)NC4=CC5=C(C=C4)NN=C5)Cl,0,0,0.011883651
493040,103905368,49830922,0,0,CN1C2=C(C=C(C=C2)N)C(C3=C1C=CC(=C3)N)C4=CC=CC=C4,0,0,0.01186365
493040,103905093,49830815,0,0,CN1C2=CC=CC=C2C=C1C(=O)NC3=C(C=C(C=C3)C4=CSC5=C4C(=NC=C5C=CC(=O)NCCN(C)C)N)OC,0,0,0.011702154
493040,103905057,11851810,0,0,C1CN(CCN1)C2=NC3=CC=CC=C3C(=N2)C4=C(C(=O)NC4=O)C5=CNC6=CC=CC=C65,0,0,0.011582586
493040,103904960,46224697,0,0,C1=CC=C2C(=C1)C=C(S2)C3=CC(=CC4=C3NN=C4)C5=CN(C6=CN=C(N=C65)N)CCCN,0,0,0.011561334
1645049,124976534,53326879,0,% Control,CN(C1CCC2=C(C3=C(N2C1)C=CC(=C3)S(=O)(=O)C)CC(=O)O)S(=O)(=O)C4=CC=C(C=C4)F,0,0,0.011555158
493040,103905341,9914412,0,0,COC1=C(C=C2C(=C1)C(=NC=N2)NC3=CC=C(C=C3)NC(=O)C4=CC=CC=C4)OCCCN5CCOCC5,0,0,0.011449868
493040,103904456,49830425,0,0,CC1=CC(=O)NN=C1C2=CC=C(C=C2)NC(=O)NC3=CC(=CC=C3)Cl,0,0,0.011375514
493040,103904600,11213558,0,0,CC1(C(=O)NC2=C(O1)C=CC(=N2)NC3=NC(=NC=C3F)NC4=CC(=C(C(=C4)OC)OC)OC)C,0,0,0.011342783
493040,103905183,49830856,0,0,C1=CC(=CC=C1C2=NC3=C(N2)C=C(C=C3)O)SC4=CC=C(C=C4)C5=NC6=C(N5)C=C(C=C6)O,0,0,0.01122252
1645049,194175385,25117126,0,% Control,CNC(=O)C1=CC=C(C=C1)NC2=NC=C(C(=N2)NCC3=NC=CN=C3N(C)S(=O)(=O)C)C(F)(F)F,0,0,0.011179872
493040,103905544,49831005,0,0,CC1=NN(C2=C1C(=O)C3=C(N2OCC(C)C)C=CC(=C3)Cl)C,0,0,0.011175458
1645049,440207046,155560522,0,% Control,CS(=O)(=O)N1CCCC(C1)NC(=O)C(CCC2CCCCC2)NC(=O)C3=CC=C(C=C3)CNC4=C5C(=NC=N4)N(N=N5)C6=CC=CC=C6,0,0,0.01108898
493040,103905473,3973,0,0,C1COCCN1C2=CC(=O)C3=C(O2)C(=CC=C3)C4=CC=CC=C4,0,0,0.01105624
0,0,0,0,0,O=C(NC/C1=C/C([F])=CC=C1)C4([H])CCN(CC/C3=C/N([H])C2=NC=CC=C23)CC4,0,0,0.01104185
1645049,440124631,118191391,0,% Control,CC1=C(C(=NN1CC2=CC=C(C=C2)C#N)C(F)(F)F)NC(=O)C3=CC(=NC4=C3C=CC(=C4)F)C(=O)N,0,0,0.011038946
493040,103904645,11560418,0,0,C1=CC=C2C(=C1)N=C(O2)NC3=CC=C(C=C3)C4=CN=C(C5=C4C=C(S5)C(=O)N)N,0,0,0.011013961
493040,103904323,46223254,0,0,C1=CC(=CC=C1C2=CSC3=C2C(=NC=C3C4=CN(N=C4)CCO)N)NC(=O)NC5=CC=C(C=C5)OC(F)F,0,0,0.01089659
493040,103905343,123631,0,0,COC1=C(C=C2C(=C1)N=CN=C2NC3=CC(=C(C=C3)F)Cl)OCCCN4CCOCC4,0,0,0.010859096
1645049,440178405,145925680,0,% Control,CC(C1=CC=CC=C1)NC(=O)NC2=NC(=C3C=NNC3=C2)CO,0,0,0.010811495
493040,103904912,49830711,0,0,CS(=O)(=O)N(CC1=CC2=C(C=C1)NC(=O)C3=CC=CN32)C4CC4,0,0,0.01079609
493040,103904989,176155,0,0,CS(=O)C1=CC=C(C=C1)C2=NC(=C(N2)C3=CC=NC=C3)C4=CC=C(C=C4)F,0,0,0.010794107
493040,103904919,49830717,0,0,CC(C1=CC(=CC=C1)OC)NC(=O)C2=CC=C(S2)C3=CC=NC=C3,0,0,0.010758168
493040,103904976,135976272,0,0,C1=CC2=C(C=C1Cl)C3=NC=NN3C(=O)N2,0,0,0.010733965
1645049,440174202,101933292,0,% Control,CCCOC1=CC=C(C=C1)C2C(C(CN2CC(=O)NC3=C(C=CC=C3CC)CC)C4=CC5=C(C=C4)OCO5)C(=O)O,0,0,0.010707797
493040,103904291,46223479,0,0,CC(C)(CN1C=C(C=N1)C2=CN=C(C3=C2SC=C3C4=CC=C(C=C4)NC(=O)NC5=CC=C(C=C5)OC)N)O,0,0,0.010686651
493040,103905010,49830768,0,0,CC(C)CC1=C2C=CNC2=NC(=N1)NC3=CC(=C(C=C3)N4CCOCC4)Cl,0,0,0.010684311
493040,103905107,4813,0,0,C1=CC(=C(C=C1C=CC2=CC(=CC(=C2)O)O)O)O,0,0,0.010652307
493040,103905453,49830966,0,0,CC1=C2C=C(N=CC2=NN1)C3=CC(=CN=C3)OCC(CC4=CC(=CC=C4)C(F)(F)F)N,0,0,0.010583321
493040,103904863,49830677,0,0,CN1C=C(C2=CC=CC=C21)C3=CC4=NC(=CN=C4N3)Br,0,0,0.010523511
493040,103905508,10705154,0,0,C1CNC2=NC=NC(=C2N=C1C3=CC=CC=C3)N,0,0,0.010513891
493040,103904371,49830384,0,0,C1=CC(=CC(=C1)NC(=O)NC2=CC=C(C=C2)C3=C(C4=NC=CN=C4C=C3)N)C(F)(F)F,0,0,0.010438798
493040,103905541,25012088,0,0,CCCC(=O)NC1=CC=CC(=C1)C2=NC3=C(C=C(C=C3)OCCN4CCCC4)C(=N2)NC5=CC6=C(C=C5)NN=C6,0,0,0.010420901
493040,103905587,49831018,0,0,C1=CC(=CC(=C1)Cl)NC(=O)NC2=NC(=CS2)CCNC3=NC=NC4=C3SC=C4,0,0,0.010373658
1645049,404696611,118958122,0,% Control,CC(C(F)(F)F)N(CC1=CC=C(C=C1)F)C(=O)CN2C(=O)C3(CCC4=C3C=CC(=C4)NC(=O)NC)OC2=O,0,0,0.010281653
1645049,440228548,155568985,0,% Control,C1CN(C(C2=C1N=CC=C2)C3=CC=C(C=C3)F)C(=O)NC4=CC=C(C=C4)OC5=CC=C(C=C5)F,0,0,0.010242883
1645049,440157481,155540682,0,% Control,C1CC1(C2=CC=CC=C2Cl)C(=O)NC3=CC(=C(C=C3)OC4=CC(=CC=C4)Cl)S(=O)(=O)N,0,0,0.010209785
493040,103905474,49830975,0,0,C1CC2=C(CC1C3=CC=CC=C3)C=NN2,0,0,0.010179693
0,0,0,0,0,O=C(NCc1ccccc1)c2n[nH]c3CCN(Cc23)C(=O)c4cocc4,0,0,0.010100187
493040,103904208,49830285,0,0,C1=CC2=C(NC=C2C3=CC(=NC(=N3)N)Cl)N=C1,0,0,0.010080274
493040,103905649,11524200,0,0,CC1=CNC2=NC=CC(=C12)OC3=C(C=C(C=C3F)NC4=CC(=NC(=N4)N)Cl)F,0,0,0.010023212
493040,103905346,11497983,0,0,CCN(CCCOC1=CC2=C(C=C1)C(=NC=N2)NC3=NNC(=C3)CC(=O)NC4=CC(=CC=C4)F)CCOP(=O)(O)O,0,0,0.010017046
493040,103905158,49830840,0,0,CC1=CC(=NC=C1)NC2=NC(=NC(=C2)C)C3=CC=CC=C3,0,0,0.009971719
493040,103905664,23295827,0,0,CCOC(=O)C1=C(N2C3=CC(=C(C=C3NC(=O)C2=N1)[N+](=O)[O-])NC(=O)C)C,0,0,0.009895618
493040,103904485,49830443,0,0,CC1=CC=CC=C1C2=C(N=NN2CC3=CC=CC=C3)C4=CC5=C(C=C4)NN=C5N,0,0,0.009881779
493040,103904932,49830724,0,0,C1C(CN1CC2=C(C=C(C=C2)OCC3=CC(=CC=C3)C(F)(F)F)Cl)C(=O)O,0,0,0.009881236
493040,103905338,3081361,0,0,CN1CCC(CC1)COC2=C(C=C3C(=C2)N=CN=C3NC4=C(C=C(C=C4)Br)F)OC,0,0,0.009865606
493040,103904649,11210054,0,0,CCN1C(=C(SC1=O)C2=NC(=NC=C2)NC3=CC(=CC=C3)OC)C,0,0,0.00985979
493040,103904269,11775063,0,0,CC1=CC(=CC=C1)NC(=O)NC2=CC=C(C=C2)C3=CSC4=C3C(=NC=C4C#CCNC)N,0,0,0.009834114
493040,103904240,49830316,0,0,C1=CC2=C(NC=C2C3=CC(=NC=N3)Cl)N=C1,0,0,0.009814093
493040,103904582,11537005,0,0,COC1=CC=CC(=C1)CNC(=O)C2=CC=C(C=C2)C3=CC=NC=C3,0,0,0.009795639
493040,103904586,49830506,0,0,COC1=CC=CC(=C1)CNC(=O)C2=CN=C(N=C2)C3=CC=NC=C3,0,0,0.009769979
493040,103904873,49830685,0,0,CC1=CC2=C(C=CN=C2C=C1)NC(=O)NC3=CC=CC(=N3)C(F)(F)F,0,0,0.009730914
493040,103905642,10113978,0,0,CC1=C(C=C(C=C1)NC2=NC=CC(=N2)N(C)C3=CC4=NN(C(=C4C=C3)C)C)S(=O)(=O)N,0,0,0.009710883
0,0,0,0,0,COc1ccc(cc1O)C2C(=C(N)Oc3[nH]nc(c4ccc5OCOc5c4)c23)C#N,0,0,0.009697288
1643640,163327014,45279963,0,0,C1CC2=C(C=CC(=C2)NC3=C(C=C(C=C3)F)F)C(=O)C4=C1C=CC(=C4)OCC(CO)O,0,0,0.009642917
1645049,134447941,25229646,0,% Control,C1CN(CCC1(C#N)C2=CC=CC=N2)CC3=C4C=CC=CN4C(=O)C(=C3)C(=O)O,0,0,0.009588293
493040,103905214,4475481,0,0,CN(C)CC(COC1=CC=C(C=C1)NC2=NC=CC(=N2)NC3=C(C=CC(=C3)Cl)Cl)O,0,0,0.009474894
1645049,318386330,59472574,0,% Control,CC1=CN(C=N1)C2=C(C=C(C=C2)C3=CN(N=N3)C4CCC5=C(C=CC=C5F)N(C4=O)CC(F)(F)F)OC,0,0,0.009461626
493040,103904597,11712649,0,0,C1C2=CN=C(N=C2C3=C(C=C(C=C3)Cl)C(=N1)C4=C(C=CC=C4F)F)NC5=CC=C(C=C5)C(=O)O,0,0,0.009454679
493040,103905406,49830943,0,0,COC1=C(C(=CC=C1)OC)CNC2=NC(=NC3=C2C=C(C=C3)Cl)NC4CCCCC4,0,0,0.009426183
493040,103904599,49830510,0,0,CCN1CCN(CC1)C2=CC=C(C=C2)NC3=NC=C(C(=N3)NC4=CC5=C(C=C4)NN=C5)Cl,0,0,0.009399558
493040,103904644,49830536,0,0,COC1=CC=C(C=C1)N2C=CC3=CN=C(N=C32)NC4=CC(=C(C(=C4)OC)OC)OC,0,0,0.009392215
493040,103905025,24856436,0,0,CC(C)(C1=NC(=CC=C1)N2C3=NC(=NC=C3C(=O)N2CC=C)NC4=CC=C(C=C4)N5CCN(CC5)C)O,0,0,0.009372742
493040,103905610,5494425,0,0,CC(C)(C)C1=NC2=C(N1)C3=C(C=C(C=C3)F)C4=C2C=CNC4=O,0,0,0.009371554
0,0,0,0,0,CC(=C1C(=O)Nc2ccc(cc12)S(=O)(=O)Nc3cc(C)cc(C)c3)C,0,0,0.009297078
1645049,440217259,11364870,0,% Control,CC(=O)C1=C(C2=CC(=C(N=C2N(C1=O)C)C3=C(C=C(C=C3)Cl)Cl)C4=CC=C(C=C4)Cl)NS(=O)(=O)C,0,0,0.009292906
493040,103905607,135398512,0,0,CC1=C2C(=NN1)NC3=CC(=C(C=C3C(=N2)C4=CC=CC=C4Cl)F)OC,0,0,0.009266619
493040,103905226,49830869,0,0,CC1=CC=C(S1)C2=C(C(=O)NC(=C2)C3=C(C=CC(=C3)Br)O)C#N,0,0,0.009150938
1645049,440159327,11996298,0,% Control,CN(C1=NC(=NC=C1)CNC2=NC(=NC=C2C(F)(F)F)NC3=CC4=C(C=C3)NC(=O)C4)S(=O)(=O)C,0,0,0.009113646
0,0,0,0,0,CCNC(=O)c1cccc(Nc2c(nc3cnccn23)c4ccccc4)c1,0,0,0.009112802
493040,103904862,49830676,0,0,CN1C=C(C2=C1C=CC(=C2)F)C3=CC4=NC(=CN=C4N3)Br,0,0,0.009055944
1645049,440165545,155544007,0,% Control,CC1=CC(=CC(=C1)N2C=CN3C2=CC(=N3)C4=CN=CC=C4)NC(=O)C5=CC(=CC=C5)S(F)(F)(F)(F)F,0,0,0.009040329
493040,103905331,49830909,0,0,CC1=CC(=O)NN=C1C2=CC(=C(C=C2)NC(=O)NC3=C(C=CC(=C3)C(F)(F)F)F)Cl,0,0,0.008987117
493040,103905580,13452859,0,0,C1CC2=C(C=CS2)C3=C1C=NN3,0,0,0.008976947
493040,103904639,49830532,0,0,CCCNC(=O)C1=CC=C(C=C1)NC2=NC(=C3C=CNC3=N2)CC,0,0,0.008929402
493040,103905080,49830807,0,0,CS(=O)(=O)C1=CC=CC(=C1)C(=O)NC2=NC3=CC=CC=C3N2CCCO,0,0,0.008853137
493040,103904565,49830489,0,0,CC(C1=CC(=CC=C1)OC)NC(=O)C2=CC=C(C=C2)C3=CC=NC=C3,0,0,0.008777597
1645049,440179305,137479135,0,% Control,CN(C)C1=NC=NC(=C1Cl)C2=CC3=C(C=C2)N=C(N3)NC4=NC=CC(=C4)CN5CCN(CC5)C(=O)CC(F)(F)F,0,0,0.008743826
493040,103905539,3086685,0,0,CNC(=O)C1=CC=CC=C1SC2=CC3=C(C=C2)C(=NN3)C=CC4=CC=CC=N4,0,0,0.008702439
493040,103904820,49830642,0,0,C1=CC2=C(C=C1C#N)N(C(=N2)N)C3=NC=CS3,0,0,0.00870167
1645049,103277752,5025739,0,% Control,C1CN(CCN1CC2=NC3=CC=CC=C3N2)C4=CC=CC=N4,0,0,0.008672452
493040,103904273,49830345,0,0,COC1=CC=C(C=C1)NC(=O)NC2=CC=C(C=C2)C3=CSC4=C3C(=NC=C4C5=CN(N=C5)CC(CO)O)N,0,0,0.008544103
493040,103905501,18001010,0,0,C1=CC=C(C=C1)C2=CC=CC3=NC=CN32,0,0,0.008459216
1645049,440157493,57861407,0,% Control,CCOCCN1C=C(C=CC1=O)C(=O)NC2=NC=C(C=C2)N3C(=CC(=N3)C4=CN=CC=C4)C(F)(F)F,0,0,0.008387816
1645049,440172743,155546818,0,% Control,CC1=NN(C=C1)C2=C(C=C(C=C2)C3=CN(N=N3)C4CCC5=CC=CC=C5N(C4=O)CC(F)(F)F)OC,0,0,0.008363662
0,0,0,0,0,COc1cc(CC2C(COC2=O)C(=O)c3ccc4OCOc4c3)cc(OC)c1OC,0,0,0.008330669
493040,103905536,49831002,0,0,CC1=CN=C(C=C1)NC2=NC3=C(N2)C=C(C=C3)[N+](=O)[O-],0,0,0.008230853
493040,103905588,136027089,0,0,CC(=O)OCCN1C2=C(C(=CC(=O)N2)C(F)(F)F)C(=N1)C3=CC(=CC=C3)Br,0,0,0.008178774
493040,103905159,49830841,0,0,CCN1CCN(CC1)C2=CC=C(C=C2)NC3=NC=C(C(=N3)NC4=CC5=C(C=C4)NN=C5)C#N,0,0,0.008173487
493040,103905005,49830765,0,0,CCCNC(=O)C1=CC=C(C=C1)NC2=NC3=C(C(=N2)NCC(F)(F)F)SC=C3,0,0,0.008151279
493040,103904637,25211575,0,0,CN(C)CC(=O)N1CCC2=CC(=C(C=C21)NC3=NC4=C(C=CN4)C(=N3)NC5=C(C(=CC=C5)F)C(=O)N)OC,0,0,0.008123402
1645049,318459881,87522699,0,% Control,CCC(=NO)C(=CC1=CC(=C(C=C1)F)C)C,0,0,0.008073854
493040,103904867,1924413,0,0,C1=C(C=NC2=C1NC(=O)N2)Br,0,0,0.007975808
1645049,312361687,59447577,0,% Control,CN(C)CC#CC1=CC(=C(C=C1)OCCCC2=C(N=C(S2)N3CCC4=C(C3)C(=CC=C4)C(=O)NC5=NC6=CC=CC=C6S5)C(=O)O)F,0,0,0.007939544
493040,103904457,49830426,0,0,CC1=CC(=O)NN=C1C2=CC=C(C=C2)NC(=O)NC3=C(C=CC(=C3)C(F)(F)F)F,0,0,0.007870468
493040,103905557,10384072,0,0,C1=CC=C(C(=C1)C2=CC3=C(C4=C(N3)C=CC(=C4)O)C5=C2C(=O)NC5=O)Cl,0,0,0.007808738
0,0,0,0,0,CC(=C1C(=O)Nc2ccc(cc12)S(=O)(=O)Nc3cccc4CCCCc34)C,0,0,0.007739494
493040,103905012,49830770,0,0,C1=CC=C2C(=C1)C3=C(C2=NO)C=C(C=C3)NS(=O)(=O)C4=CC(=CC=C4)Br,0,0,0.007704575
493040,103905275,49830888,0,0,CC1=C(C=CC(=C1)C2=C3C=CNC3=NC=N2)F,0,0,0.007684147
1645049,440162092,124125214,0,% Control,C1=CC=C(C=C1)CC(=O)NC2=CC(=C(C=C2)OC3=CC(=CC=C3)Cl)S(=O)(=O)N,0,0,0.007672913
493040,103904252,49830327,0,0,CCCC(=O)NC1=NC(=CC(=C1)C2=CNC3=C2C=CC=N3)Cl,0,0,0.007672087
0,0,0,0,0,CC(Nc1cccc(c1)NC(C1=C(C(c2ccccc2)=NNC1=O)c1ccccc1)=O)=O,0,0,0.007647191
493040,103905558,49831008,0,0,CC1=CC(=NN1)NC2=CC(=NC(=N2)C=CC3=CC=CC=C3)N4CCN(CC4)C,0,0,0.007561555
493040,103904889,24772168,0,0,C1=CC=C2C(=C1)C(=CC=N2)NC(=O)NC3=NC=CN=C3,0,0,0.007527251
493040,103904272,46207586,0,0,C1=CC(=CC(=C1)F)NC(=O)NC2=CC=C(C=C2)C3=CSC4=C3C(=NC=C4C5=CN(N=C5)CCO)N,0,0,0.007456565
493040,103904260,49830335,0,0,CS(=O)(=O)NC1CCC(CC1)NC2=CC(=NC(=N2)C3=CNC4=C3C=CC=N4)Cl,0,0,0.007445961
0,0,0,0,0,CC(=O)c1cccc(NS(=O)(=O)c2ccc3NC(=O)Nc3c2)c1,0,0,0.007421774
0,0,0,0,0,O=C(NCC/C1=C/NC=2C=CC([Cl])=CC1=2)C3=CC(=NC4=CC=CC=C34)C5=CN=CC=C5,0,0,0.007376461
0,0,0,0,0,COc1cccc(c1)C(=O)N2CCc3[nH]nc(C(=O)NCCCc4ccccc4)c3C2,0,0,0.007316523
0,0,0,0,0,CC(=C1C(=O)Nc2ccc(cc12)S(=O)(=O)NCc3ccc(C)cc3)C,0,0,0.007315639
493040,103904583,49830504,0,0,CCCOC1=CC=CC(=C1)C(C)NC(=O)C2=CC=C(C=C2)C3=C(C=NC=C3)F,0,0,0.007311258
493040,103904905,136027065,0,0,CCCCN(CCC#N)C(=O)C1=CC2=C(C=C1)N=C(N2)C3=NNC4=CC=CC=C43,0,0,0.007241981
493040,103904578,49830500,0,0,C1=CC=C(C=C1)C(CCO)NC(=O)C2=CC=C(C=C2)C3=CC=NC=C3,0,0,0.007217276
493040,103905560,46837054,0,0,C1CN(CC2=C1C=CC=C2C(=O)NC3=NC4=CC=CC=C4S3)C5=NC(=C(S5)C6=CC=C(C=C6)CO)C(=O)O,0,0,0.007210329
493040,103905670,3086686,0,0,CCN(CC)CCNC(=O)C1=C(NC(=C1C)C=C2C3=C(C=CC(=C3)F)NC2=O)C,0,0,0.007202307
1645049,312359683,11525848,0,% Control,COC1=CC=CC(=C1)CNC(=O)C2=NC3=C(C(=CS3)COCC4=CC=C(C=C4)C(=O)O)C(=O)N2,0,0,0.007199591
493040,103905684,11713159,0,0,CN(C1=C(C=CC=N1)CNC2=NC(=NC=C2C(F)(F)F)NC3=CC4=C(C=C3)NC(=O)C4)S(=O)(=O)C,0,0,0.007180708
493040,103904274,49830346,0,0,CCN(CC)CCCNC(=O)C1=CN=C(C2=C1SC=C2C3=CC=C(C=C3)NC(=O)NC4=CC=CC(=C4)C)N,0,0,0.00715498
493040,103905602,49831023,0,0,C=CCC1=C2C(=CC=C1)C(=NO)C=C(O2)C3=CC=CC=C3,0,0,0.007088694
493040,103904231,49830308,0,0,CNCC(=O)NC1CCC(CC1)NC2=NC(=CC(=N2)Cl)C3=CNC4=C3C=CC=N4,0,0,0.007069865
1645049,440175882,145925685,0,% Control,CC(C1=CC(=NC=C1)NC2=NC3=C(N2)C=C(C=C3)C4=CC(=NC=N4)N(C)C)N5CCN(CC5)C(=O)CC(F)(F)F,0,0,0.007024032
493040,103904324,49830366,0,0,CCN(CC)CCCNC(=O)C1=CN=C(C2=C1SC=C2C3=CC=C(C=C3)NC(=O)NC4=CC(=CC=C4)F)N,0,0,0.007018067
1645049,442046236,156009444,0,% Control,CC1=CC=CC=C1C(=O)NC2=NN(C3=C2C=C(C=C3)C4C(=C(NC(=C4C#N)C)C)C#N)C,0,0,0.006996734
493040,103905671,49831048,0,0,C1=CC=C(C=C1)C=CC2=NN3C=CN=C3C=C2,0,0,0.006917713
493040,103905313,5311382,0,0,CCN(CC)CCOC1=CC=C(C=C1)NC2=NC=C3C=C(C(=O)N(C3=N2)C)C4=C(C=CC=C4Cl)Cl,0,0,0.006901597
493040,103904864,9860448,0,0,CN1C=C(C2=C1C=CC(=C2)OC)C3=CC4=NC=CN=C4N3,0,0,0.006849458
493040,103905330,49830908,0,0,CC1=CC(=C(C=C1)F)NC(=O)NC2=CC=C(C=C2)C3=C4C(=C(C=C3)OCCCN5C=CC=C5)NN=C4N,0,0,0.006781966
1645049,440194870,124203924,0,% Control,CC1=C(C(=NN1CC2=CC=C(C=C2)C(C)(C)C)C(F)(F)F)NC(=O)C3=CC(=NC4=C3C=CC(=C4)F)C(=O)N,0,0,0.006757291
493040,103904713,10317442,0,0,COC1=C(C=CC(=C1)C2=CC3=C(C=C2)C(=O)NC4=C(N3)C=CC(=C4)[N+](=O)[O-])O,0,0,0.006678975
493040,103904640,49830533,0,0,CCCNC(=O)C1=CC=C(C=C1)NC2=NC(=C3C=CNC3=N2)CCC(F)(F)F,0,0,0.006639672
493040,103905680,49831051,0,0,CN1C=C(C2=C1C=CC(=C2)C#N)C3=CC4=NC(=CN=C4N3)Br,0,0,0.00656284
0,0,0,0,0,CCOC(=O)c1cccc(NS(=O)(=O)c2ccc3NC(=O)C(=C4CCCC4)c3c2)c1,0,0,0.006540385
493040,103905630,3038525,0,0,C1=CC(=C(C(=C1)Cl)C2=C3C=CC(=NN3C=NC2=O)SC4=C(C=C(C=C4)F)F)Cl,0,0,0.006529577
493040,103904709,201327,0,0,C1=CC=C2C(=C1)C(=O)NC3=CC=CC=C3N2,0,0,0.006481925
1645049,374280463,71623052,0,% Control,CC1=CC(=C(C=C1NC(=O)C2=CC(=CC(=C2)C#N)S(F)(F)(F)(F)F)N3C=CN4C3=CC(=N4)C5=CN=CC=C5)C,0,0,0.006410244
493040,103905146,11977753,0,0,CC(C)(C#N)C1=CC=C(C=C1)N2C3=C4C=C(C=CC4=NC=C3N(C2=O)C)C5=CC6=CC=CC=C6N=C5,0,0,0.006391614
493040,103904216,49830293,0,0,C1CC(CCC1NC2=CC(=NC(=N2)C3=CNC4=C3C=CC=N4)Cl)O,0,0,0.006375866
0,0,0,0,0,O=C(N)C1=NN(/N=C1/NC(=O)CN2C(=NC=3C=CC=CC2=3)C4=NO/N=C4/N)C5=CC=CC=C5,0,0,0.006246052
0,0,0,0,0,COc1cc(CC2C(COC2=O)C(O)c3ccc4OCOc4c3)cc(OC)c1OC,0,0,0.006212866
0,0,0,0,0,COc1cc(CC2COC(=O)C2(O)Cc3ccc(O)c(OC)c3)ccc1O,0,0,0.006184791
1061648,194187060,16050817,0,0,COC(=O)C(CC1=CC=C(C=C1)O)NC(=O)C2=NC3=C(C=C(C=C3)C4=CC(=CC=C4)Cl)C(=C2)C(=O)O,0,0,0.006175253
493040,103904909,49830709,0,0,CC(C1=CC(=CC=C1)OC)NC(=O)C2=CN=C(N=C2)C3=CC=NC=C3,0,0,0.006174481
493040,103904591,49830508,0,0,CNS(=O)(=O)C1=CC=CC=C1NC2=NC(=NC=C2Cl)NC3=CC(=C(C(=C3)OC)OC)OC,0,0,0.006145322
493040,103905616,5330790,0,0,C1=CC(=C(C(=C1)F)C(=O)N2C(=NC(=N2)NC3=CC=C(C=C3)S(=O)(=O)N)N)F,0,0,0.006117808
493040,103904519,25164472,0,0,CCCC(=O)NC1=NNC2=C1C=C(C=C2)C3=CN(N=N3)CC4=CC=CC=C4,0,0,0.006102243
493040,103904255,49830330,0,0,C1CC(CC(C1)O)NC2=CC(=NC(=N2)C3=CNC4=C3C=CC=N4)Cl,0,0,0.006077403
493040,103905527,3071991,0,0,C1C(=O)NN=C2N1C3=CC=CC=C3OC2,0,0,0.006048784
493040,103904762,16050453,0,0,CC1=NC=CN2C1=NC(=C2C3=NC(=NC=C3)NCC(C)(C)O)C4=C(C=C(C=C4)F)F,0,0,0.006007982
493040,103905632,24771867,0,0,COC1=C(C(=CC=C1)F)C2=NCC3=CN=C(N=C3C4=C2C=C(C=C4)Cl)NC5=CC(=C(C=C5)C(=O)O)OC,0,0,0.005997473
493040,103904933,49830725,0,0,C1C(CN1CC2=CC=C(C=C2)OCC3=CC(=CC=C3)C(F)(F)F)C(=O)O,0,0,0.005943461
493040,103905072,44466196,0,0,CCN(CC)CCNC1=CC=C(C2=CC=CC=C21)O,0,0,0.005920773
1645049,440198624,155557179,0,% Control,CC(C1=CC=CC=N1)NC(=O)NC2=NC(=C3C=NNC3=C2)CO,0,0,0.005892996
1645049,440218803,134817183,0,% Control,CCC1=CC=CC=C1C(=O)NC2=NNC3=C(C(=C(C=C32)C4C(=C(N(C(=C4C#N)C)C)C)C#N)F)C,0,0,0.005877595
493040,103905225,25176267,0,0,C1=CC(=CC(=C1)NC(=O)C2=C3C(=CC=C2)SN=C3N)CNC(=O)NC4=CC(=CC=C4)F,0,0,0.005758792
0,0,0,0,0,COc1ccc(CC2CC(Cc3ccc(OC)c(OC)c3)C(=O)O2)cc1OC,0,0,0.005729903
493040,103905337,49830911,0,0,C1=CC=C(C=C1)C2=CC=CC=C2NC(=O)NC3=NC4=C(C=CC=C4S3)O,0,0,0.005685134
0,0,0,0,0,CC(=C1C(=O)Nc2ccc(cc12)S(=O)(=O)NCc3ccccc3)C,0,0,0.005649317
493040,103904455,49830424,0,0,C1=CC(=CC(=C1)F)NC(=O)NC2=CC=C(C=C2)C3=CC4=C(C=C3)C=NN4,0,0,0.005635007
1645049,318456509,42641861,0,% Control,CCC(=NO)C(=CC1=CC=C(C=C1)F)C,0,0,0.005628961
493040,103904235,49830312,0,0,CN(C)CC(=O)NC1CCC(CC1)NC2=NC(=CC(=N2)Cl)C3=CNC4=C3C=CC=N4,0,0,0.005582574
0,0,0,0,0,O=C1Nc2ccccc2C1Cc3cc4c5ccccc5nc4[nH]n3,0,0,0.005515947
493040,103904814,49830637,0,0,COCC#CC1=C2CC3=C(NN=C3C2=CC=C1)C4=CC=CS4,0,0,0.005466728
0,0,0,0,0,COc1cc(CC2COC(=O)C2Cc3ccc(O)c(OC)c3)ccc1O,0,0,0.005445842
493040,103904576,49830499,0,0,C1C2=C(C=CC=C2C(=O)N1)C3=CC=CS3,0,0,0.005428687
493040,103904207,49830284,0,0,CC(C)(C)NC1=NC=NC2=C1C(=CN2)C3=CC=CC=C3,0,0,0.005418389
493040,103905191,11846124,0,0,CCOC1=C(C(=CC(=N1)C(=O)NCC2=CC=C(C=C2)S(=O)(=O)C)N)C#N,0,0,0.005391626
493040,103904199,49830280,0,0,CN(C)C1CCC(CC1)NC2=NC(=CC(=N2)Cl)C3=CNC4=C3C=CC=N4,0,0,0.00539054
493040,103905621,5005498,0,0,C1C2=C(C3=CC=CC=C3NC1=O)NC4=C2C=C(C=C4)[N+](=O)[O-],0,0,0.005343636
0,0,0,0,0,O=C(NCCCc1ccccc1)c2n[nH]c3CCN(Cc23)C(=O)c4ccc(cc4)C#N,0,0,0.005305616
493040,103904451,44520205,0,0,C1=CC(=CC(=C1)F)NC(=O)NC2=CC=C(C=C2)NC(=O)C3=C4C(=NC=NN4C=C3)N,0,0,0.005278136
493040,103904577,21907509,0,0,C1C2=C(C=CC=C2Br)C(=O)N1,0,0,0.005258856
493040,103904874,49830686,0,0,C1=CC(=NC(=C1)NC(=O)NC2=C3C=C(C=CC3=NC=C2)F)C(F)(F)F,0,0,0.005224702
493040,103905379,49830926,0,0,CN(C)C1=CC=C(C=C1)NC2=NNC(=C2)C3=CSC(=C3)Br,0,0,0.005182942
493040,103904871,136027063,0,0,C1=CC2=C(C=CC=C2O)C(=C1)NC(=O)NC3=NC=CN=C3,0,0,0.005089439
493040,103904221,49830298,0,0,C1=CC2=C(NC=C2C3=CC(=NC(=C3)Cl)NCCN)N=C1,0,0,0.005068025
493040,103904861,49830675,0,0,CN1C=C(C2=C1C=CC(=C2)OC)C3=CC4=NC(=CN=C4N3)Br,0,0,0.005028286
493040,103904459,49830428,0,0,C1=CC(=CC(=C1)NC(=O)NC2=CC(=CC=C2)F)C3=CC4=C(C=C3)C=NN4,0,0,0.005019386
493040,103905182,24755603,0,0,CCC1=C(NC2=NC=CN=C12)C3=CC=C(C=C3)C(C)(C)O,0,0,0.004996771
493040,103905138,49830834,0,0,CS(=O)(=O)NC1=CC=C(C=C1)NC2=CC3=C(C=C2)NN=C3N,0,0,0.004963298
493040,103905249,112928,0,0,CN(C)C1=CC=C(C2=CC=CC=C21)N,0,0,0.004961455
493040,103904223,49830300,0,0,CN(C)C1CCCC(C1)NC2=NC(=CC(=N2)Cl)C3=CNC4=C3C=CC=N4,0,0,0.00495974
0,0,0,0,0,Cc1sc(cc1NC(=O)c2n[nH]c3ccccc23)c4ccn[nH]4,0,0,0.004920785
493040,103905115,4625,0,0,C1=CC=C2C(=C1)C(=CC3=CC=CN3)C(=O)N2,0,0,0.004899796
493040,103905386,49830930,0,0,CCCC(=O)NC1=NNC2=NN=C(C=C21)C3=C(C(=CC=C3)F)F,0,0,0.004895353
493040,103905003,136027070,0,0,CC1=CC(=O)NC2=NNC(=C12)C3=CC=CC(=C3)C4=CC=C(C=C4)Cl,0,0,0.00480075
493040,103904258,49830333,0,0,C1CC(CCC1N)NC2=CC(=NC(=N2)C3=CNC4=C3C=CC=N4)Cl,0,0,0.00479861
493040,103905177,255603,0,0,CC(CCC(=O)O)(C1=CC(=C(C=C1)O)N)C2=CC(=C(C=C2)O)N,0,0,0.004768804
493040,103905397,49830937,0,0,CC(C)NC1=C(C(=O)NN1)C=C2C=C3C=CC=CC3=N2,0,0,0.004714705
493040,103904865,49830678,0,0,CN(C)C1=CC=C(C=C1)C2=CC(=NC(=N2)NS(=O)(=O)C3=CC=C(C=C3)N)C4=CC=C(C=C4)[N+](=O)[O-],0,0,0.004563462
0,0,0,0,0,O=C(N\C(=N\c1ccc2OCCOc2c1)\NCCc3c[nH]c4ccccc34)c5ccc6OCOc6c5,0,0,0.00443368
493040,103904852,49830668,0,0,CC(C)(C)C1=NN(C(=C1)NC(=O)NC2=CC=CC3=CC=CC=C32)C4=CC=CC(=C4)C(=O)N(C)CCC#N,0,0,0.004427332
493040,103904870,49830682,0,0,C1=CC(=NC(=C1)NC(=O)NC2=C3C=CC(=CC3=NC=C2)C(F)(F)F)C#N,0,0,0.004373931
493040,103904877,49830689,0,0,C1=CC(=NC(=C1)NC(=O)NC2=C3C=CC(=CC3=NC=C2)OC(F)F)C(F)(F)F,0,0,0.0043736
493040,103905185,11846125,0,0,CCOC1=C(C(=CC(=N1)C(=O)NCC2=CC=CC=C2S(=O)(=O)N)N)C#N,0,0,0.004305494
0,0,0,0,0,CC(=C1C(=O)Nc2ccc(cc12)S(=O)(=O)NCc3cccc(C)c3)C,0,0,0.004209855
493040,103904925,910649,0,0,C1=CC=C2C(=C1)NC(=N2)C(=NO)C3=NC4=CC=CC=C4N3,0,0,0.004178178
493040,103904271,49830344,0,0,CC1=CC(=CC=C1)NC(=O)NC2=CC=C(C=C2)C3=CSC4=C3C(=NC=C4C#CCCCCCCCCN)N,0,0,0.004031078
493040,103904706,10456958,0,0,CN(C)CCCNC(=O)C1=CC2=C(C=C1)NC3=C(C=CC(=C3)C4=CC(=C(C=C4)O)OC)C(=O)N2,0,0,0.003997989
493040,103904829,49830647,0,0,CC(C)(C)C1=NN(C(=C1)NC(=O)C(=O)C2=CC=CC3=CC=CC=C32)C4=CC=C(C=C4)OCCC(=O)N,0,0,0.00398636
0,0,0,0,0,O=C1C=C(OC2=CC(=CC(O)=C12)OCC(=O)NCCC=3NC=NC=3)C=4C=CC=CC=4,0,0,0.003976841
0,0,0,0,0,C(C1C(c2cccc(c2)O)c2c(c3cccc(c3)[N+]([O-])=O)n[nH]c2OC=1N)#N,0,0,0.003969876
0,0,0,0,0,O/C1=C/C(OCCCC)=C(/C=C1/C2=N/N/C=C2/C3=N/C(C)=C[S]3)CC,0,0,0.003903969
0,0,0,0,0,NC1=C(C#N)C(c2cccc(O)c2)c3c(O1)[nH]nc3c4ccc5OCOc5c4,0,0,0.003839985
0,0,0,0,0,COc1ccc(CC2C(Cc3ccc(OC)c(OC)c3)C(=O)OC2=O)cc1OC,0,0,0.003827903
493040,103904881,49830692,0,0,C1=CC(=NC(=C1)NC(=O)NC2=CC=NC3=C(C=CC(=C23)F)F)C(F)(F)F,0,0,0.003823627
0,0,0,0,0,c1ccc(cc1)c1c2cc(ccc2n2c(n1)nnn2)[N+]([O-])=O,0,0,0.003779848
493040,103904636,16129448,0,0,CCCNC(=O)C1=CC=C(C=C1)NC2=NC3=C(C=CN3)C(=N2)NCC(F)(F)F,0,0,0.003673226
493040,103905604,135536753,0,0,CC1=CC(=O)C2=C(O1)C=C(C(=C2OC)C3=NC4=CC=CC=C4N3)O,0,0,0.003626573
493040,103904263,49830338,0,0,C1=CC=C(C=C1)C(=O)NC2=NC(=CC(=C2)C3=CNC4=C3C=CC=N4)Cl,0,0,0.003622963
1645049,440202897,155558842,0,% Control,C1=CC=C2C(=C1)C(=O)NC(S2)C3=CC=CC=N3,0,0,0.00360979
493040,103904646,712193,0,0,COC1=CC=CC(=C1)NC2=NC=NC3=CC=CC=C32,0,0,0.003583626
0,0,0,0,0,COc1cc(NS(=O)(=O)c2ccc3NC(=O)C(=C(C)C)c3c2)cc(OC)c1OC,0,0,0.003531269
493040,103904830,49830648,0,0,CC(C)N(CCCN)C(=O)C1=CC(=CC=C1)N2C(=CC(=N2)C(C)(C)C)NC(=O)NC3=CC=CC4=CC=CC=C43,0,0,0.003401928
493040,103904253,49830328,0,0,C1=CC(=C(C(=C1)F)C(=O)NC2=NC(=CC(=C2)C3=CNC4=C3C=CC=N4)Cl)F,0,0,0.003379531
493040,103905345,16007391,0,0,CCN(CCCOC1=CC2=C(C=C1)C(=NC=N2)NC3=NNC(=C3)CC(=O)NC4=CC(=CC=C4)F)CCO,0,0,0.003374317
493040,103904217,49830294,0,0,C1CC(CC(C1)NC2=NC(=CC(=N2)Cl)C3=CNC4=C3C=CC=N4)N,0,0,0.003270199
493040,103905111,49830822,0,0,C1=CNC(=C1)C=C2C3=C(C=C(C=C3)C4=CC=C(C=C4)O)NC2=O,0,0,0.003249241
493040,103905250,49830876,0,0,C1=CC=C(C=C1)N2C=CC3=CN=C(N=C32)NC4=CC(=CC=C4)S(=O)(=O)N,0,0,0.00324746
493040,103905486,12284431,0,0,C1=CC2=C(C(=O)NN2C=C1)Br,0,0,0.003238303
493040,103904779,16050450,0,0,CC1=NC=CN2C1=NC(=C2C3=NC(=NC=C3)NCC(C)(C)CO)C4=C(C=C(C=C4)F)F,0,0,0.003204914
493040,103905334,136027076,0,0,CC1=CC(=O)NC2=NNC(=C12)C3=CC(=CC=C3)C(F)(F)F,0,0,0.003202111
493040,103904529,49830468,0,0,CN(C)CC(=O)NC1=NNC2=C1C=C(C=C2)C3=CN(N=N3)CC4=CC=CC=C4,0,0,0.003198252
493040,103904777,49830618,0,0,CC(C)COC1=NC=CN2C1=NC(=C2C3=NC(=NC=C3)NCC(C)(C)CO)C4=CC=C(C=C4)F,0,0,0.003183742
493040,103904239,49830315,0,0,C1CCC(C(C1)N)NC2=NC(=CC(=N2)Cl)C3=CNC4=C3C=CC=N4,0,0,0.00314868
493040,103904614,23647255,0,0,C1=CC=C(C(=C1)C(=O)O)NC2=NC(=NC=C2)NC3=CC(=CC=C3)F,0,0,0.003146076
493040,103905400,136027080,0,0,CC1=CC(=O)NC2=NNC(=C12)C3=CC=CC(=C3)C4=CC=C(C=C4)C#N,0,0,0.003136376
493040,103904204,49830282,0,0,C1CCC(CC1)NC2=CC(=NC(=N2)C3=CNC4=C3C=CC=N4)Cl,0,0,0.003098363
0,0,0,0,0,Cc1cccc(NC(=O)CCc2onc(n2)c3cc4ccccc4nc3O)c1C,0,0,0.003064063
493040,103904544,49830476,0,0,CN(C)C1=CC=C(C=C1)C(=O)NC2=NNC3=C2C=C(C=C3)C4=CN(N=N4)CC5=CC=CC=C5,0,0,0.003052781
493040,103905567,208908,0,0,CS(=O)(=O)CCNCC1=CC=C(O1)C2=CC3=C(C=C2)N=CN=C3NC4=CC(=C(C=C4)OCC5=CC(=CC=C5)F)Cl,0,0,0.002913103
493040,103904704,718180,0,0,C1=CC=C2C(=C1)N=C(S2)NC(=O)CC3=CC=CS3,0,0,0.002905986
493040,103904523,49830466,0,0,COC1=CC=CC(=C1)C(=O)NC2=NNC3=C2C=C(C=C3)C4=CN(N=N4)CC5=CC=CC=C5,0,0,0.002867594
0,0,0,0,0,Oc1cc(nc(Nc2nc3ccc(cc3[nH]2)[N+](=O)[O-])n1)c4ccccc4,0,0,0.002862084
493040,103904712,9981692,0,0,CC(=O)NCCNC(=O)C1=CC2=C(C=C1)NC3=C(C=CC(=C3)C4=CC(=C(C=C4)O)OC)C(=O)N2,0,0,0.002773776
493040,103904615,49830520,0,0,C1=CC=C(C(=C1)C(=O)O)NC2=NC=NC(=N2)NC3=CC=C(C=C3)F,0,0,0.002738044
493040,103904590,23647262,0,0,C1=CC=C(C(=C1)C(=O)O)NC2=NC(=NC=C2)NC3=CC=C(C=C3)[N+](=O)[O-],0,0,0.002735781
0,0,0,0,0,COc1ccccc1CNC(c1ccc2c(c1)NC(/C(=C/c1cccc(c1)[Cl])O2)=O)=O,0,0,0.002719013
493040,103904776,49830617,0,0,CC(C)(CNC1=NC=CC(=N1)C2=C(N=C3N2C=CN=C3OC)C4=CC=C(C=C4)F)CO,0,0,0.002642911
493040,103904228,49830305,0,0,CC(C)CNC1CCC(CC1)NC2=NC(=CC(=N2)Cl)C3=CNC4=C3C=CC=N4,0,0,0.00258409
493040,103905399,136027079,0,0,CCOC1=CC=CC=C1C2=CC(=CC=C2)C3=C4C(=CC(=O)NC4=NN3)C,0,0,0.002498734
493040,103904617,49830522,0,0,C1=CC=C(C(=C1)C(=O)O)NC2=NC=NC(=N2)NC3=CC(=CC=C3)F,0,0,0.002483295
493040,103904218,49830295,0,0,CC(C)(CN)CNC1=NC(=CC(=C1)C2=CNC3=C2C=CC=N3)Cl,0,0,0.002462875
493040,103904824,49830644,0,0,COC1=CC=CC=C1CN=C(N)NC2=NC=CC(=N2)C3=CC=CS3,0,0,0.002459782
493040,103904616,49830521,0,0,C1=CC=C(C(=C1)C(=O)O)NC2=NC=NC(=N2)NC3=CC4=C(C=C3)C=NN4,0,0,0.002424171
493040,103904534,49830471,0,0,C1=CC=C(C=C1)CN2C=C(N=N2)C3=CC4=C(C=C3)NN=C4NC(=O)C5=CC=CC(=C5)C#N,0,0,0.002418613
493040,103904860,49830674,0,0,C1=CN(C=C1)CCCOC2=C3C(=C(C=C2)C4=CC=C(C=C4)NC(=O)NC5=CC(=CC=C5)Cl)C(=NN3)N,0,0,0.002364856
0,0,0,0,0,O=C2NC(=NC1=NC=CC(=C12)C4=CC=3OCOC=3C=C4)NCC=5C=CC=CC=5,0,0,0.002358907
493040,103904229,49830306,0,0,CC(C)(CN)CNC1=NC(=CC(=C1)C2=CNC3=C2C=CC=N3)F,0,0,0.002355679
493040,103904262,49830337,0,0,CCCCC(=O)NC1=NC(=CC(=C1)C2=CNC3=C2C=CC=N3)Cl,0,0,0.002345428
493040,103904882,49830693,0,0,C1=CC2=C(C=CN=C2C(=C1)F)NC(=O)NC3=CC=CC(=N3)C(F)(F)F,0,0,0.002341092
493040,103904902,49830704,0,0,CCCC1=CC2=C(C=CN=C2C=C1)NC(=O)NC3=CC=CC(=N3)C(F)(F)F,0,0,0.00232541
493040,103904190,49830273,0,0,C1CC(CCC1N)NC2=NC(=CC(=N2)Cl)C3=CNC4=C3C=CC=N4,0,0,0.002312374
0,0,0,0,0,O=C2C=1NN=C(C=1[C@@]([H])(N2CC/C3=C/C=CC=C3)C=4/C=C(/O)C=CC=4)C5=CC=C/C=C5/O,0,0,0.002253055
0,0,0,0,0,O=C(NCC=1C=CC=CC=1[Cl])C4=CC(NC=2C=C(N=CN=2)C=3C=CC=CC=3)=CC=C4,0,0,0.00218592
493040,103904826,46945066,0,0,CCN(CC)CCNC(=O)C1=CC(=CC=C1)N2C(=CC(=N2)C(C)(C)C)NC(=O)NC3=CC=CC4=CC=CC=C43,0,0,0.002167128
493040,103904876,49830688,0,0,CCC1=CC2=C(C=CN=C2C=C1)NC(=O)NC3=CC=CC(=N3)C(F)(F)F,0,0,0.002104312
493040,103904604,23647264,0,0,C1=CC=C(C(=C1)C(=O)O)NC2=NC(=NC=C2)NC3=CC4=C(C=C3)C=NN4,0,0,0.002101897
493040,103904835,49830653,0,0,CC(C)(C)C1=NN(C(=C1)NC(=O)NC2=CC=CC3=CC=CC=C32)C4=CC=CC(=C4)C(=O)N(C)CCCN(C)C,0,0,0.002099012
493040,103904832,49830650,0,0,CC(C)(C)C1=NN(C(=C1)NC(=O)C(=O)C2=CC=CC3=CC=CC=C32)C4=CC=C(C=C4)OCC(=O)N,0,0,0.002020249
493040,103905037,49830788,0,0,CCOCC(C)OC1=CC=CC2=C1C(=NN2)N,0,0,0.002015993
0,0,0,0,0,C1C(c2ccccc2)c2c(c3cccc(c3)[N+]([O-])=O)n[nH]c2OC1=O,0,0,0.00193037
493040,103904222,49830299,0,0,CS(=O)(=O)NCCNC1=NC(=CC(=C1)C2=CNC3=C2C=CC=N3)Cl,0,0,0.001822292
493040,103905110,3661799,0,0,COC1=CC2=C(C=C1)NC=C2C=C3C4=CC=CC=C4NC3=O,0,0,0.001761961
493040,103904189,49830272,0,0,C1CC(CCC1NC2=NC(=CC(=N2)Cl)C3=CNC4=C3C=CC=N4)O,0,0,0.001760011
493040,103904801,49830632,0,0,COC1=CC=CC=C1C2=NC(=NC=C2)NC3=CC(=CC=C3)S(=O)(=O)C,0,0,0.00168018
0,0,0,0,0,O=C(N/C(=C/C=1C=CC=CC=1OC)C(=O)NCC/C2=C/NC=3C=CC=CC2=3)C=4/C=C(/C)C=CC=4,0,0,0.001667781
493040,103904522,49830465,0,0,COC1=CC(=CC(=C1)C(=O)NC2=NNC3=C2C=C(C=C3)C4=CN(N=N4)CC5=CC=CC=C5)OC,0,0,0.00164585
493040,103904833,49830651,0,0,CC(C)(C)C1=NN(C(=C1)NC(=O)NC2=CC=CC3=CC=CC=C32)C4=CC=CC(=C4)C(=O)NCCCCN(C)C,0,0,0.001586306
493040,103904197,49830279,0,0,C1CCC(CC1)NC2=NC(=CC(=N2)Cl)C3=CNC4=C3C=CC=N4,0,0,0.001556346
0,0,0,0,0,CC(=C1C(=O)Nc2ccc(cc12)S(=O)(=O)NCCc3ccccc3)C,0,0,0.001525143
493040,103904711,49830569,0,0,COC1=C(C=CC(=C1)C2=CC3=C(C=C2)C(=O)NC4=C(N3)C=CC(=C4)C(=O)NCC5=CC(=CC=C5)F)O,0,0,0.001509962
493040,103904837,49830646,0,0,CC(C)C(CO)NC(=O)C1=CC(=CC=C1)N2C(=CC(=N2)C(C)(C)C)NC(=O)NC3=CC=CC4=CC=CC=C43,0,0,0.001492494
0,0,0,0,0,O=C1NC(=NC2=NC=CC(=C12)C4=CC=3OCOC=3C=C4)NC=5C=CC=CC=5,0,0,0.001491169
493040,103904878,49830690,0,0,CCC1=CC2=NC=CC(=C2C=C1)NC(=O)NC3=CC=CC(=N3)C(F)(F)F,0,0,0.00148316
493040,103905521,18189414,0,0,COCOC1=C(C(=CC=C1)OCOC)C2=C(C=C(C=C2)NS(=O)(=O)C)C(=O)OC,0,0,0.001481406
493040,103904868,49830680,0,0,C1=CC(=NC(=C1)NC(=O)NC2=C3C=CC(=CC3=NC=C2)Cl)C(F)(F)F,0,0,0.001479515
493040,103904708,45270357,0,0,COC1=C(C=CC(=C1)C2=CC3=C(C=C2)C(=O)NC4=C(N3)C(=CC=C4)O)O,0,0,0.001479423
493040,103904836,49830654,0,0,CC(C)(C)C1=NN(C(=C1)NC(=O)NC2=CC=CC3=CC=CC=C32)C4=CC=CC(=C4)C(=O)N(C)CCN,0,0,0.001472568
493040,103904839,49830655,0,0,CC(C)(C)C1=NN(C(=C1)NC(=O)NC2=CC=CC3=CC=CC=C32)C4=CC=CC(=C4)C(=O)NCCOCCO,0,0,0.001368362
493040,103904514,49830460,0,0,C1=CC=C(C=C1)CN2C=C(N=N2)C3=CC4=C(C=C3)NN=C4NC(=O)C5=CC(=CC=C5)F,0,0,0.001337368
493040,103904894,49830697,0,0,CC#CC1=CC2=C(C=CN=C2C=C1)NC(=O)NC3=CC=CC(=N3)C(F)(F)F,0,0,0.001263339
493040,103905362,2876406,0,0,COC1=C2C=CC=C3C2=C(C=C1)C(=NN3)C4=CC(=C(C=C4)OC)OC,0,0,0.001241701
493040,103904842,49830658,0,0,CCN(CCN(C)C)C(=O)C1=CC(=CC=C1)N2C(=CC(=N2)C(C)(C)C)NC(=O)NC3=CC=CC4=CC=CC=C43,0,0,0.00122775
493040,103905036,49830787,0,0,CCCC(=O)NC1=NNC2=C1C=C(C=C2)C3=C(C(=CC=C3)F)F,0,0,0.001101216
493040,103904880,49830691,0,0,C1=CC(=NC(=C1)NC(=O)NC2=C3C=C(C(=CC3=NC=C2)F)F)C(F)(F)F,0,0,0.001092321
493040,103904869,49830681,0,0,C1=CC(=NC(=C1)NC(=O)NC2=C3C=C(C=CC3=NC=C2)Cl)C(F)(F)F,0,0,0.001074838
493040,103904507,49830458,0,0,C1=CC=C(C=C1)CN2C=C(N=N2)C3=CC4=C(C=C3)NN=C4NC(=O)C5=C(C=CC(=C5)F)F,0,0,0.001054936
493040,103904838,46945263,0,0,CC(C)(C)C1=NN(C(=C1)NC(=O)NC2=CC=CC3=CC=CC=C32)C4=CC=CC(=C4)C(=O)NCCCO,0,0,0.001050786
493040,103904845,49830661,0,0,CC(C)(C)C1=NN(C(=C1)NC(=O)C(=O)C2=CC=CC3=CC=CC=C32)C4=CC=C(C=C4)OCC(=O)O,0,0,0.000972009
493040,103904721,49830576,0,0,COC1=CC(=CC(=C1OC)OC)C2=CC3=C(C=C2)NC4=C(C=CC(=C4)C5=CC=CC=C5NS(=O)(=O)C)C(=O)N3,0,0,0.000962687
493040,103904533,49830470,0,0,C1=CC=C(C=C1)CN2C=C(N=N2)C3=CC4=C(C=C3)NN=C4NC(=O)C5=CC=C(C=C5)C#N,0,0,0.000917453
493040,103904844,49830660,0,0,CC(C)(C)C1=NN(C(=C1)NC(=O)C(=O)C2=CC=CC3=CC=CC=C32)C4=CC(=CC=C4)OCC(=O)NCCO,0,0,0.000916494
493040,103904846,49830662,0,0,CC(C)(C)C1=NN(C(=C1)NC(=O)C(=O)C2=CC=CC3=CC=CC=C32)C4=CC=C(C=C4)OCCC(=O)O,0,0,0.000887132
493040,103904843,49830659,0,0,CC(C)(C)C1=NN(C(=C1)NC(=O)C(=O)C2=CC=CC3=CC=CC=C32)C4=CC(=CC=C4)OCC(=O)O,0,0,0.000862576
493040,103904851,49830667,0,0,CC(C)(C)C1=NN(C(=C1)NC(=O)NC2=CC=CC3=CC=CC=C32)C4=CC=CC(=C4)C(=O)NCCCCC(=O)O,0,0,0.000849625
493040,103904825,49830645,0,0,CCN(CCN)C(=O)C1=CC(=CC=C1)N2C(=CC(=N2)C(C)(C)C)NC(=O)NC3=CC=CC4=CC=CC=C43,0,0,0.000800832
493040,103904542,49830475,0,0,C1=CC=C(C=C1)CN2C=C(N=N2)C3=CC4=C(C=C3)NN=C4NC(=O)C5=CC=C(C=C5)Cl,0,0,0.000794355
493040,103904840,49830656,0,0,CC(C)(C)C1=NN(C(=C1)NC(=O)NC2=CC=CC3=CC=CC=C32)C4=CC=CC(=C4)C(=O)NCCCCO,0,0,0.000793169
493040,103904872,49830684,0,0,COC1=CC2=NC=CC(=C2C=C1)NC(=O)NC3=CC=CC(=N3)C(F)(F)F,0,0,0.000748222
493040,103904834,49830652,0,0,CC(C)(C)C1=NN(C(=C1)NC(=O)C(=O)C2=CC=CC3=CC=CC=C32)C4=CC=C(C=C4)OCC(=O)NCCO,0,0,0.000687184
493040,103904841,49830657,0,0,CC(C)(C)C1=NN(C(=C1)NC(=O)NC2=CC=CC3=CC=CC=C32)C4=CC=CC(=C4)C(=O)N(CCN)CCO,0,0,0.000630889
493040,103904535,49830472,0,0,C1=CC=C(C=C1)CN2C=C(N=N2)C3=CC4=C(C=C3)NN=C4NC(=O)C5=CC=C(C=C5)F,0,0,0.000616305
493040,103904540,49830474,0,0,C1=CC=C(C=C1)CN2C=C(N=N2)C3=CC4=C(C=C3)NN=C4NC(=O)C5=CC(=CC=C5)Cl,0,0,0.000582029
493040,103904505,49830457,0,0,COC1=C(C=C(C=C1)C(=O)NC2=NNC3=C2C=C(C=C3)C4=CN(N=N4)CC5=CC=CC=C5)OC,0,0,0.000487341
